6ugp_prot,6.16
4rdn_prot,5.92
4mo4_prot,4.22
3s0b_prot,6.49
6r1d_prot,5.4
3fwv_prot,5.64
1qin_prot,8.0
4b5d_prot,7.89
3sus_prot,4.15
3b26_prot,6.64
6o0m_prot,9.34
2v25_prot,5.72
6g3a_prot,8.38
4oc2_prot,8.28
4f5y_prot,5.43
1bai_prot,7.7
2avo_prot,8.85
1ppi_prot,5.01
5c28_prot,5.66
3vf7_prot,9.1
3ckz_prot,8.72
2wky_prot,8.59
1fkf_prot,9.4
5cxa_prot,8.05
5nbw_prot,8.59
5yjm_prot,7.68
4zb8_prot,6.03
3eax_prot,4.92
1hdq_prot,5.82
6c0s_prot,7.05
3nxq_prot,8.15
6czf_prot,5.8
1e2k_prot,4.94
3dx3_prot,6.52
5ot8_prot,4.2
3ibi_prot,8.59
6p88_prot,4.52
6ezq_prot,4.66
5kqx_prot,8.44
3ebp_prot,5.91
3l4w_prot,6.0
1gx8_prot,6.37
2ygf_prot,5.09
2qbs_prot,6.68
4oc5_prot,7.07
5dnu_prot,4.11
3bxh_prot,4.03
2xxx_prot,6.41
3sut_prot,7.85
4yrd_prot,4.57
6qas_prot,7.74
1yc4_prot,6.55
5g1a_prot,6.57
1jmf_prot,5.77
4gih_prot,8.32
2vwo_prot,7.51
5z99_prot,6.88
3s0e_prot,6.55
4hp0_prot,6.12
3d83_prot,8.36
4y79_prot,7.96
5orj_prot,4.77
3ibn_prot,7.61
3cd5_prot,7.9
1m7y_prot,10.96
1e2l_prot,4.29
3dx4_prot,7.12
4lzs_prot,4.8
3kgu_prot,5.92
6prf_prot,8.6
6i0z_prot,4.04
5tya_prot,4.48
4urz_prot,2.52
6jon_prot,4.88
5tp0_prot,5.44
4f9u_prot,6.03
4xaq_prot,7.14
4q7v_prot,3.59
3w5n_prot,3.87
6g98_prot,6.15
3tcg_prot,5.87
5wcm_prot,4.0
6o5u_prot,4.38
2bok_prot,6.55
5otz_prot,5.19
2v7a_prot,8.3
6p86_prot,4.7
1bdq_prot,6.34
4mc1_prot,7.85
5nkd_prot,7.59
4q87_prot,4.85
1rpj_prot,6.48
5kr2_prot,8.48
1zsf_prot,9.92
4jpx_prot,5.15
1ew8_prot,2.26
4zb6_prot,6.28
5g2g_prot,6.05
6mu3_prot,6.15
2qnq_prot,6.11
1dhj_prot,6.55
3imc_prot,2.96
4ij1_prot,5.4
1fkh_prot,8.15
4clj_prot,9.15
1k1y_prot,3.22
4y8x_prot,8.43
4ly9_prot,8.15
6r8w_prot,5.92
4dzy_prot,5.62
3su1_prot,6.68
4acc_prot,7.7
6fo5_prot,6.72
3u5j_prot,5.61
1erb_prot,8.1
5ldm_prot,3.86
4q4p_prot,6.39
5o2d_prot,5.68
5fdc_prot,7.46
6csr_prot,6.84
4yx4_prot,5.97
2bfq_prot,6.89
5g45_prot,3.3
4eor_prot,6.3
6udv_prot,10.29
3f80_prot,4.22
3f1a_prot,7.21
2e94_prot,8.0
2p4y_prot,9.0
2x7u_prot,5.27
3d4z_prot,4.89
4jyb_prot,6.96
5cqu_prot,6.54
1k4h_prot,5.11
5nkc_prot,7.72
4mc6_prot,9.59
5fho_prot,6.67
2zx7_prot,10.49
2gvv_prot,3.9
3ag9_prot,8.05
3mho_prot,6.49
1ork_prot,8.81
4zgk_prot,5.51
5hbn_prot,4.89
6o95_prot,8.29
2i6b_prot,7.17
5eqe_prot,3.88
3su6_prot,6.02
1g2o_prot,10.55
3w9k_prot,6.32
5ew0_prot,6.59
2r2m_prot,7.33
3l4y_prot,7.0
2x4z_prot,8.57
3bxf_prot,5.54
3pcf_prot,6.05
6t1o_prot,5.59
5wl0_prot,9.17
5c2o_prot,4.55
2pqz_prot,5.67
2pwc_prot,6.57
5er4_prot,2.76
5orv_prot,2.89
4ceb_prot,2.97
5ufc_prot,5.16
4b6p_prot,7.13
3gba_prot,9.07
6i63_prot,7.01
3zll_prot,6.4
1jaq_prot,4.48
5fnd_prot,3.49
6eyb_prot,5.37
4duh_prot,5.18
6r13_prot,4.7
5wij_prot,6.31
6cvv_prot,4.12
4io2_prot,6.7
5t9z_prot,7.19
5xvg_prot,8.05
1hn4_prot,3.82
1bnv_prot,8.77
5ngz_prot,2.89
3pfp_prot,6.44
1k1l_prot,6.9
3ebl_prot,6.3
1xug_prot,7.05
4hy1_prot,8.7
2r23_prot,3.72
3qps_prot,5.6
1sln_prot,6.64
1ndz_prot,8.11
1fao_prot,7.37
4kcx_prot,4.43
6g36_prot,7.79
2qg2_prot,5.4
3f18_prot,7.4
5fnc_prot,4.11
4ef6_prot,2.92
6i64_prot,7.31
4afg_prot,8.3
3cdb_prot,7.02
6o5g_prot,5.7
3ibu_prot,9.15
2pwd_prot,4.4
5i2f_prot,6.49
4ko8_prot,7.15
1z6e_prot,9.72
2wm0_prot,4.52
2v8w_prot,6.82
5k1d_prot,4.68
5c2h_prot,11.09
1owh_prot,7.4
3ehy_prot,5.85
3bra_prot,2.7
5e7n_prot,6.09
6ep4_prot,5.35
6guc_prot,7.6
1mrs_prot,3.96
2qhz_prot,7.28
5i88_prot,6.6
1o7o_prot,4.49
6det_prot,8.22
5eqp_prot,5.4
2hl4_prot,7.64
2gsu_prot,3.59
1laf_prot,7.85
1e1x_prot,5.89
1a1e_prot,6.0
2avs_prot,7.57
3d1y_prot,8.22
2p16_prot,10.1
4elh_prot,8.09
5g1z_prot,5.32
1bnq_prot,9.49
3ekv_prot,9.41
4io5_prot,5.03
3veh_prot,4.96
5exm_prot,8.2
4ajl_prot,3.8
4u43_prot,4.32
1fh9_prot,6.43
5eqy_prot,8.0
4h3f_prot,9.0
3suf_prot,7.56
6r8l_prot,6.17
6g38_prot,6.62
3vje_prot,8.01
5yfs_prot,4.86
3zi8_prot,5.66
4f39_prot,5.7
5o4f_prot,6.68
185l_prot,3.54
6hoq_prot,6.39
2vw1_prot,3.52
1v0k_prot,5.1
1bn4_prot,9.31
4fp1_prot,4.57
6dj5_prot,8.14
4lps_prot,5.74
4aje_prot,3.68
5i7y_prot,7.28
2oym_prot,5.0
6cpa_prot,11.52
4cig_prot,3.67
5jgi_prot,4.3
4efs_prot,8.6
4zme_prot,4.3
5nk3_prot,7.42
3pju_prot,4.88
3egt_prot,8.9
4qtl_prot,6.92
5ota_prot,5.74
2zxg_prot,8.82
6ayq_prot,8.19
2gvj_prot,9.52
1siv_prot,8.08
6p8a_prot,3.59
6qmj_prot,7.36
2i3h_prot,7.4
5c2a_prot,8.32
5ha1_prot,7.19
4b9z_prot,4.09
4np2_prot,2.26
4l9i_prot,4.89
4zba_prot,5.51
4y2q_prot,2.92
1yet_prot,5.92
6dj2_prot,8.12
1lhu_prot,8.83
1fh7_prot,5.24
4hpi_prot,4.85
2yhw_prot,5.6
1v0l_prot,7.55
4elf_prot,8.03
1bn3_prot,9.89
4n9c_prot,3.9
4rd0_prot,6.62
1bhf_prot,4.38
3hww_prot,7.12
3ekx_prot,9.41
5vyy_prot,6.21
2fle_prot,7.85
4wrb_prot,6.19
3ed0_prot,6.35
4n6g_prot,5.47
5dh5_prot,9.64
4oeu_prot,7.66
5yft_prot,5.0
4yth_prot,8.7
1e1v_prot,4.92
1r9l_prot,5.4
1lah_prot,7.52
4buq_prot,8.14
6hly_prot,7.33
1pzi_prot,4.22
1c87_prot,4.2
4zbf_prot,7.13
2gyi_prot,7.0
2jjb_prot,7.92
5zyg_prot,5.21
4tkh_prot,5.74
4j3l_prot,7.8
1o2w_prot,5.85
3f16_prot,8.23
2r1y_prot,4.51
5fh8_prot,6.77
5nk4_prot,8.7
3n2v_prot,7.51
5cqt_prot,6.91
4jyc_prot,6.7
5fhn_prot,5.9
5nkb_prot,9.12
5lny_prot,7.38
4q81_prot,3.02
2x7t_prot,6.63
2p2a_prot,6.12
1g74_prot,6.52
2zx6_prot,10.6
4qrh_prot,5.15
2hoc_prot,9.52
4tmk_prot,7.7
5ufp_prot,7.37
1qji_prot,4.85
5wlo_prot,10.82
6css_prot,7.6
4dv8_prot,9.24
3ime_prot,3.0
1fkn_prot,8.8
5ndf_prot,5.85
3fx6_prot,6.8
5c8n_prot,7.55
2v2q_prot,4.15
2jiw_prot,4.59
3n1c_prot,5.22
3d78_prot,7.64
3bxg_prot,4.96
3l4x_prot,6.89
3n76_prot,6.85
6k04_prot,8.04
6uh0_prot,6.07
5e2l_prot,4.03
5nap_prot,7.95
4aj4_prot,3.89
6o94_prot,8.74
3u5l_prot,6.19
6qge_prot,5.68
6jof_prot,4.98
2qnp_prot,6.41
1ew9_prot,3.22
4jpy_prot,4.43
4eo8_prot,8.15
1ucn_prot,5.22
6evr_prot,8.06
6dil_prot,8.12
5i29_prot,7.82
4cjr_prot,3.1
1fki_prot,7.0
4aoi_prot,8.4
6p87_prot,4.6
5we9_prot,7.22
1o2j_prot,6.92
2boj_prot,5.77
6o5t_prot,6.5
5mwy_prot,7.0
2e92_prot,6.89
3d2e_prot,6.42
1yei_prot,7.46
4q4q_prot,5.79
3d8w_prot,8.15
3mhi_prot,6.7
3s6t_prot,7.35
5e2k_prot,8.03
4n6z_prot,7.8
4ocq_prot,4.61
4xmr_prot,4.07
5irr_prot,5.27
1ui0_prot,7.06
5mro_prot,5.7
5i8g_prot,7.52
3su0_prot,6.79
3igp_prot,7.02
2v2v_prot,4.07
6r1b_prot,5.44
2whp_prot,4.0
5exw_prot,6.82
3tfp_prot,6.47
1nm6_prot,10.05
3gnw_prot,9.1
3jrx_prot,9.0
1jmg_prot,6.07
4gii_prot,8.74
2vwn_prot,8.0
4bps_prot,2.99
3s0d_prot,7.05
1zpa_prot,8.4
2qbr_prot,6.33
1zvx_prot,9.22
1i2s_prot,3.31
5nn6_prot,5.52
4gfm_prot,7.22
3l4v_prot,6.72
3rlr_prot,7.52
3d7z_prot,7.92
5kqy_prot,9.29
3suu_prot,8.52
4fys_prot,4.82
4ly1_prot,7.26
6o0k_prot,10.74
1g45_prot,8.64
4q7w_prot,2.64
4bs0_prot,5.7
6g9u_prot,6.43
5zvw_prot,8.62
4ai5_prot,2.92
2zx8_prot,9.64
3b7j_prot,5.17
5mwp_prot,7.5
3kgt_prot,5.51
4lzr_prot,4.7
5ork_prot,3.63
5otr_prot,4.92
1g7v_prot,6.4
4jym_prot,5.04
1c1r_prot,7.63
4mc9_prot,9.44
1k4g_prot,5.85
1k22_prot,8.4
3sur_prot,4.15
3b27_prot,5.16
1bgq_prot,8.57
1pph_prot,5.92
2qbu_prot,6.19
2yay_prot,6.1
4oc3_prot,8.28
1gwv_prot,2.57
3bwj_prot,6.5
1t31_prot,8.64
4ejl_prot,5.14
2jfz_prot,5.24
6qau_prot,7.48
5jg1_prot,8.72
1jak_prot,5.57
1c1u_prot,8.25
4f6w_prot,7.52
6p89_prot,5.01
6e5t_prot,6.55
1g7q_prot,6.06
3dx2_prot,6.82
6nfh_prot,7.15
5ot9_prot,4.07
6no9_prot,10.52
1fkg_prot,8.0
1mrn_prot,4.52
3q6w_prot,7.57
6ud2_prot,10.21
4eo6_prot,8.7
5o1d_prot,4.66
4q7p_prot,4.32
5dh4_prot,7.24
2r2w_prot,4.47
1zp8_prot,8.77
3n7a_prot,3.7
3b4p_prot,5.4
5jhk_prot,4.64
4b5w_prot,3.33
3vjc_prot,7.72
6o9c_prot,7.55
4dsy_prot,4.43
4j93_prot,4.7
1r0p_prot,8.0
1lnm_prot,8.7
6r1w_prot,5.3
2i0a_prot,11.4
5m17_prot,3.66
5ldp_prot,4.17
4elg_prot,8.16
3u90_prot,4.62
1lbf_prot,7.85
6k3l_prot,7.22
5ty9_prot,5.21
3f17_prot,8.63
4pmm_prot,7.57
4rak_prot,7.85
1c86_prot,4.7
4eoh_prot,4.3
3brn_prot,8.7
3f8f_prot,6.63
5vsj_prot,4.02
3pcn_prot,3.66
5ix0_prot,6.28
4bup_prot,4.95
6hlx_prot,7.17
6evn_prot,4.71
5m28_prot,4.32
6mub_prot,7.0
3ikg_prot,7.24
3nq3_prot,3.78
5uov_prot,10.6
1yfz_prot,4.35
4u73_prot,5.18
2zq0_prot,6.82
3h89_prot,7.64
5e2p_prot,8.8
4rd6_prot,6.28
5t9u_prot,7.6
5oxk_prot,2.17
2a5s_prot,6.7
5hbs_prot,7.73
1qf2_prot,5.92
5i7x_prot,7.28
5i80_prot,7.21
3sug_prot,6.21
6g39_prot,8.34
5ewa_prot,4.82
3tif_prot,5.38
6g5l_prot,7.62
1lan_prot,7.22
1lgw_prot,4.0
4h3g_prot,8.22
5itp_prot,5.0
5ct2_prot,2.92
4np3_prot,3.3
5mxf_prot,3.59
2i3i_prot,7.3
2pq9_prot,8.11
5e13_prot,4.24
2vrj_prot,6.3
6guk_prot,6.15
5dbm_prot,6.46
1zs0_prot,6.15
5lne_prot,4.76
5nk2_prot,6.74
3zj6_prot,6.66
3n2p_prot,7.82
2v77_prot,5.06
6qmk_prot,7.46
6g0z_prot,5.32
3aaq_prot,3.3
1o2q_prot,7.68
3cm2_prot,6.47
4zbi_prot,6.51
4q19_prot,8.05
1c88_prot,5.29
6t1i_prot,5.26
6c9s_prot,7.32
3gkz_prot,8.0
3ehx_prot,7.6
5g4m_prot,3.86
6epy_prot,6.46
5fh7_prot,6.86
1a4r_prot,6.66
4rhx_prot,5.8
6i65_prot,6.41
3f19_prot,7.19
5er2_prot,6.57
2bo4_prot,4.61
2wb5_prot,9.13
5fbi_prot,2.8
3ekw_prot,7.96
3n8k_prot,4.05
1wcq_prot,6.26
5g17_prot,6.7
5exl_prot,8.43
1fh8_prot,6.89
4io4_prot,4.61
5xva_prot,7.29
4qxo_prot,5.51
6o0p_prot,9.96
1lag_prot,6.3
2gst_prot,6.07
1k1j_prot,7.55
4phu_prot,7.92
3d1x_prot,8.66
3zi0_prot,7.4
3n7o_prot,7.14
1z9g_prot,5.64
1m7d_prot,6.23
1e4h_prot,8.41
6o5a_prot,6.29
5orw_prot,3.1
4f09_prot,6.7
6i62_prot,6.8
2p4j_prot,8.96
2ydt_prot,5.52
3gk1_prot,4.1
186l_prot,4.85
3pe2_prot,9.76
4oiv_prot,5.08
4ei4_prot,8.74
6gue_prot,8.4
3pcg_prot,2.3
6t1n_prot,5.46
2c3i_prot,7.6
6g9i_prot,3.93
3vfa_prot,9.19
2csn_prot,4.41
1k1m_prot,7.4
3s9e_prot,5.13
2doo_prot,7.17
5jhb_prot,6.06
4cfl_prot,5.88
2v2c_prot,3.41
2c97_prot,6.14
6g37_prot,7.37
1m2r_prot,6.46
2gss_prot,4.94
4io3_prot,6.06
5ulp_prot,4.61
1vzq_prot,7.44
1atr_prot,6.96
2wn9_prot,8.52
4iif_prot,5.18
3uyr_prot,6.9
5dgu_prot,11.35
1bnw_prot,9.08
1pyn_prot,5.49
1mq6_prot,11.15
3ekp_prot,8.89
5f62_prot,8.17
1w13_prot,8.7
6szp_prot,4.74
3djk_prot,10.59
5ceq_prot,7.38
3zxz_prot,8.4
2b7d_prot,8.7
6hq7_prot,6.11
1zge_prot,7.3
1rbp_prot,6.72
4k7i_prot,2.82
4ban_prot,8.61
6d1b_prot,3.91
5fso_prot,6.09
6n79_prot,9.68
2qzr_prot,7.26
5u11_prot,5.35
6b4d_prot,6.11
4ddh_prot,3.3
5eij_prot,5.31
2f81_prot,10.52
2on6_prot,6.76
2j7g_prot,7.0
2vjx_prot,4.96
3i9g_prot,8.96
3hll_prot,8.24
3v2q_prot,6.29
2fx6_prot,3.7
2mas_prot,7.52
2wuf_prot,4.29
5n0d_prot,8.48
1ai4_prot,2.5
4x50_prot,7.75
4lko_prot,8.22
3m96_prot,7.22
3shc_prot,5.72
5jsq_prot,4.67
1b6l_prot,8.3
4o2b_prot,5.74
4axd_prot,4.43
3g0i_prot,3.6
1n51_prot,4.85
2wyj_prot,9.0
6h2t_prot,4.82
5zdb_prot,5.75
4rsk_prot,4.32
4xu0_prot,9.11
5aoi_prot,3.03
3pww_prot,7.32
4k7n_prot,3.48
4zv2_prot,2.93
6ghh_prot,6.71
1pa9_prot,4.6
5lz7_prot,6.28
3ivc_prot,4.12
3o9p_prot,6.52
3e92_prot,8.0
2f1g_prot,7.54
1ajp_prot,2.23
3ip6_prot,6.6
5vd0_prot,6.49
1q8u_prot,5.96
4c1t_prot,7.15
3oyw_prot,4.11
3bex_prot,5.57
4lbu_prot,6.56
4yo8_prot,10.52
3fee_prot,6.64
6cbg_prot,3.95
3e5u_prot,5.85
1dy4_prot,4.36
1b6k_prot,8.74
4da5_prot,6.44
4ngn_prot,7.55
5za8_prot,6.29
5l3a_prot,4.89
3nim_prot,4.75
2f2h_prot,5.7
1nvr_prot,8.11
4kqp_prot,6.05
3ljo_prot,6.62
5y8y_prot,7.09
3cs7_prot,10.68
4p6w_prot,9.15
4r59_prot,7.96
2b4l_prot,4.77
1d3d_prot,9.09
4i7j_prot,3.32
3zt3_prot,2.86
1utm_prot,3.01
2yz3_prot,6.66
2xc4_prot,8.05
2uyn_prot,2.7
5js3_prot,6.73
1swr_prot,6.92
5n6s_prot,8.09
4x5r_prot,7.85
4x3k_prot,4.56
4lm4_prot,3.04
3iue_prot,5.82
6ftp_prot,5.82
4cr9_prot,4.1
6cks_prot,7.82
4i8n_prot,4.46
2h4k_prot,5.49
5j6n_prot,7.77
3neo_prot,5.92
2zc9_prot,6.74
1b38_prot,6.6
5jvi_prot,6.51
4pvy_prot,6.71
3c39_prot,3.96
1hyo_prot,4.07
4pv5_prot,6.54
5lso_prot,5.85
1rmz_prot,8.0
4a7i_prot,8.7
1ols_prot,5.82
2aac_prot,2.22
6mnv_prot,3.37
6om8_prot,5.16
3hit_prot,8.19
1hvk_prot,10.96
1bp0_prot,5.4
1moq_prot,3.46
3p4v_prot,5.1
4p3h_prot,6.0
3ov1_prot,5.2
5kcb_prot,6.0
2fxs_prot,6.06
1pb8_prot,5.15
6s56_prot,5.1
6mm2_prot,5.41
5nz4_prot,6.28
6ftw_prot,6.49
5d0c_prot,5.63
2pow_prot,7.2
5byi_prot,7.51
4kwg_prot,6.0
4lm3_prot,2.92
3iub_prot,4.54
6b7b_prot,2.89
2xef_prot,9.84
3p8z_prot,6.09
6cdp_prot,8.79
6h1u_prot,5.32
2q54_prot,9.01
5el9_prot,7.64
1utj_prot,3.84
2nt7_prot,6.52
5u4b_prot,5.74
4i7m_prot,4.14
2cht_prot,5.52
2f7p_prot,6.6
3ip8_prot,2.28
5mek_prot,5.38
5d3l_prot,6.06
1hvl_prot,9.95
6n8x_prot,5.7
3ug2_prot,8.25
6ggb_prot,5.39
5lsh_prot,3.39
6pia_prot,4.96
5ijr_prot,3.2
1ec2_prot,10.0
6d1k_prot,3.13
3k02_prot,5.0
5gja_prot,5.55
1b5j_prot,7.43
5oot_prot,7.55
6h2z_prot,9.3
2zcr_prot,6.87
3dc3_prot,8.31
4fk6_prot,9.7
3vx3_prot,7.82
6u6w_prot,5.33
3r4n_prot,6.89
6mku_prot,7.15
3gs6_prot,6.59
1hsh_prot,9.42
1f0s_prot,7.74
5vb5_prot,6.46
5lvl_prot,5.9
4e4n_prot,9.05
1swg_prot,7.36
5bv3_prot,7.17
5jsj_prot,5.4
6gnm_prot,4.26
4zyf_prot,8.64
1xd0_prot,7.12
1pgp_prot,5.7
5tmp_prot,7.47
4ufk_prot,3.89
6mnc_prot,5.8
4gqr_prot,3.96
4p5d_prot,5.82
5hz6_prot,7.8
3djp_prot,4.2
4att_prot,6.98
1lpz_prot,7.6
3g31_prot,2.89
1dzk_prot,6.1
1h5v_prot,3.93
5l9o_prot,5.4
6d15_prot,4.48
5h9r_prot,6.08
3pwk_prot,3.35
6edr_prot,4.55
2q38_prot,5.23
1ceb_prot,6.0
2uy0_prot,6.92
3cz1_prot,7.26
3kyq_prot,4.22
5y13_prot,5.94
3p8o_prot,8.72
1pme_prot,9.4
1f0t_prot,6.0
4i74_prot,6.72
5j9x_prot,7.77
5vkc_prot,8.74
5acy_prot,8.19
3udd_prot,7.1
3v4t_prot,4.11
2j77_prot,4.89
3mss_prot,4.66
4z07_prot,7.99
1aid_prot,4.82
4r3w_prot,3.0
4itp_prot,7.27
3c52_prot,7.3
3hfb_prot,7.52
6f20_prot,4.31
5lud_prot,3.61
6mg5_prot,4.69
4hge_prot,7.92
4dbm_prot,7.62
1b3f_prot,6.89
5jy3_prot,7.92
4dkp_prot,5.72
2usn_prot,6.51
3ivx_prot,5.74
4x6o_prot,8.72
3dln_prot,6.6
4cwq_prot,7.06
4ufl_prot,2.64
6ekq_prot,5.46
5yqx_prot,6.96
6mh1_prot,5.92
5dpx_prot,4.46
3ozj_prot,5.11
5tb6_prot,5.82
1gfy_prot,5.08
1f5k_prot,3.74
6ebe_prot,6.7
5ei3_prot,4.25
6abx_prot,2.14
3dcc_prot,8.96
2y5g_prot,6.84
5mlj_prot,8.85
3iph_prot,7.6
5ef7_prot,9.0
5hz8_prot,6.4
3r1v_prot,6.92
3r7o_prot,8.36
3lir_prot,6.92
4ty7_prot,9.52
5d3p_prot,5.13
1ta6_prot,9.13
2cbz_prot,3.93
1gi1_prot,5.47
3gvb_prot,2.59
4er2_prot,9.3
5zaf_prot,6.78
6cdl_prot,10.92
6idb_prot,6.4
2gh9_prot,6.0
5zg3_prot,7.21
4pum_prot,6.73
1xhy_prot,6.18
5w1e_prot,5.24
3prs_prot,7.82
1xh5_prot,5.47
2w67_prot,4.96
3gst_prot,6.72
2qpu_prot,3.6
3hl5_prot,4.47
4m8h_prot,7.6
3p17_prot,4.48
2xj2_prot,7.18
4qew_prot,7.07
1ela_prot,6.36
3qaa_prot,11.54
3o9e_prot,11.3
4yes_prot,8.02
5n3y_prot,5.03
6cn5_prot,7.7
3nes_prot,5.62
3sk2_prot,3.61
3m36_prot,9.82
1b3h_prot,6.21
3m3z_prot,5.73
3ff3_prot,3.57
1f5l_prot,5.28
6pi6_prot,5.66
4pp0_prot,4.4
3zq9_prot,6.02
4k77_prot,6.63
6h8s_prot,4.42
3ljz_prot,8.14
6im4_prot,7.4
3gss_prot,5.82
3t1a_prot,8.37
4mrz_prot,3.52
4gr8_prot,7.83
4mr6_prot,6.6
2j79_prot,5.96
2amt_prot,4.44
1fzo_prot,7.89
1yqy_prot,7.62
4o2p_prot,6.7
3ttp_prot,9.12
3o5n_prot,4.76
2q55_prot,8.69
4kxb_prot,4.12
3e3c_prot,5.62
5za7_prot,5.87
2xeg_prot,10.7
3mz6_prot,7.2
4i7l_prot,3.99
2fqo_prot,6.43
5dus_prot,5.53
4rvr_prot,6.87
6rot_prot,6.32
1pb9_prot,3.62
1q72_prot,6.85
4zzz_prot,7.06
6s57_prot,5.1
4bkt_prot,3.62
1q1g_prot,8.57
4kwf_prot,4.82
4lm2_prot,3.03
4p6x_prot,7.04
5eei_prot,9.22
2pov_prot,7.12
1ec3_prot,9.04
1xkk_prot,8.52
3gy7_prot,4.52
1ocq_prot,5.19
6d1j_prot,4.25
2dw7_prot,4.7
6b4l_prot,6.47
4e1k_prot,6.3
4e7r_prot,7.7
5mjn_prot,8.54
4g4p_prot,6.89
1thz_prot,5.15
2br1_prot,5.14
2zcs_prot,8.22
3ip9_prot,5.62
3ipu_prot,7.32
6iht_prot,5.21
4jkw_prot,4.16
1olu_prot,4.41
1jsv_prot,5.7
4etz_prot,6.3
5een_prot,8.96
4dhl_prot,4.48
6ckr_prot,7.3
3ljg_prot,7.73
4qem_prot,7.8
6rfn_prot,6.7
4bks_prot,3.82
2fxu_prot,8.15
4mrg_prot,2.96
2j7h_prot,7.19
1utl_prot,2.47
2ves_prot,7.7
1n5r_prot,5.66
5u4d_prot,6.33
3zt2_prot,2.84
1rnt_prot,5.19
4i7k_prot,3.04
4wiv_prot,6.26
1ur9_prot,5.77
6quv_prot,3.0
3ttm_prot,8.52
2wzm_prot,5.22
1hvj_prot,11.4
1hps_prot,9.22
2j4g_prot,6.6
2idw_prot,8.89
1ciz_prot,7.44
1ajx_prot,7.91
5d3j_prot,5.24
5efa_prot,4.83
4lar_prot,4.68
4ruz_prot,7.64
6d78_prot,8.74
3ozp_prot,6.62
5cj6_prot,8.69
4pvx_prot,6.76
6q54_prot,6.49
6gnp_prot,4.55
2oax_prot,8.65
2xib_prot,7.26
3e93_prot,8.85
1lpg_prot,7.09
5d3c_prot,10.4
1ajq_prot,4.31
5efh_prot,6.1
6h29_prot,5.62
4e70_prot,5.28
2q64_prot,8.52
2rfh_prot,6.82
4k7o_prot,4.3
4bah_prot,8.7
2w5g_prot,6.07
6d1d_prot,4.47
4xu1_prot,9.49
5lsg_prot,5.4
1ecq_prot,3.0
1mfd_prot,5.31
3rt8_prot,6.35
3fl5_prot,7.28
1nvs_prot,7.82
4nnr_prot,7.26
5oei_prot,5.8
4x5z_prot,7.63
4r5t_prot,6.1
3ap4_prot,3.92
1w4o_prot,5.22
5u28_prot,7.17
4hdp_prot,7.51
4uj1_prot,6.52
5lvq_prot,4.14
4c1u_prot,7.09
1q8t_prot,4.76
2drc_prot,9.89
5vd1_prot,6.0
3o56_prot,9.1
2reg_prot,5.64
5za9_prot,6.74
1b6j_prot,7.92
5n93_prot,8.66
6cbf_prot,5.17
2xei_prot,10.62
3fed_prot,7.46
1ecv_prot,4.85
4bao_prot,8.37
6n78_prot,9.68
5fsn_prot,5.77
2f80_prot,8.18
2q63_prot,7.18
1str_prot,4.77
5f0f_prot,6.0
4qfl_prot,5.11
4arw_prot,7.13
1ajv_prot,7.72
5f63_prot,7.92
1w7g_prot,5.1
5ny3_prot,7.47
6gnw_prot,4.99
2j4i_prot,9.0
1elr_prot,4.96
5cep_prot,6.84
4ts1_prot,4.94
1yqj_prot,8.14
5uxf_prot,7.06
2bq7_prot,7.05
4o2c_prot,8.0
4jal_prot,4.6
3oyq_prot,7.99
6f1n_prot,6.26
3v2p_prot,6.36
5j6a_prot,7.77
1xgi_prot,4.85
1xap_prot,8.7
5lyr_prot,7.89
2j7f_prot,6.35
2h21_prot,6.54
3nik_prot,3.45
2xjj_prot,6.51
3qdd_prot,8.77
3fjg_prot,3.73
4kwo_prot,6.45
4aq4_prot,6.17
3iss_prot,6.05
1ai5_prot,3.72
5n0e_prot,8.44
4nbl_prot,6.33
4ndu_prot,2.74
3m37_prot,9.04
5l9g_prot,7.7
3rr4_prot,4.55
5cjf_prot,9.59
6gg4_prot,3.69
2iko_prot,5.45
1hpo_prot,9.22
3v78_prot,5.54
1gi7_prot,4.51
4bny_prot,7.1
2j47_prot,5.41
2wvz_prot,4.02
3djx_prot,2.81
3qgy_prot,7.8
3o9d_prot,10.72
5n34_prot,4.63
1iih_prot,2.89
5f08_prot,5.52
2fqt_prot,6.14
2nta_prot,4.8
5lvd_prot,2.62
4m7j_prot,6.11
6cdj_prot,11.7
3e5a_prot,8.23
4qll_prot,3.38
4r5a_prot,8.7
2xjx_prot,9.15
3ni5_prot,7.55
4p6c_prot,4.0
2j78_prot,6.42
4ewn_prot,6.7
5wqc_prot,8.96
4ty6_prot,7.52
4arb_prot,5.89
5hz9_prot,7.03
2b1i_prot,6.82
3rtf_prot,7.35
6f28_prot,5.67
3a6t_prot,7.28
6n7a_prot,8.37
3pwd_prot,6.66
1oe8_prot,5.52
2y5f_prot,8.7
3g5k_prot,9.52
3g3r_prot,6.48
3cyz_prot,7.22
6ssy_prot,3.19
4nbk_prot,3.87
3m5e_prot,7.37
2ca8_prot,4.66
5nze_prot,6.39
4qev_prot,7.66
4lk7_prot,5.04
5znc_prot,7.52
3r24_prot,5.25
4qlk_prot,3.24
5zag_prot,6.97
5mod_prot,3.52
1xh4_prot,7.47
4bb9_prot,6.0
4i7p_prot,3.5
4hdb_prot,8.05
3umq_prot,4.62
2w66_prot,4.05
1jvu_prot,5.15
3wgg_prot,4.4
5j0d_prot,6.87
1gj6_prot,7.0
5lyn_prot,5.04
6dq4_prot,4.92
4crf_prot,9.3
3fj7_prot,3.71
4g8n_prot,7.2
5y12_prot,6.23
3vw1_prot,4.67
4tu4_prot,3.76
3p8n_prot,9.28
2zfp_prot,5.17
1b0h_prot,6.7
1jyq_prot,8.7
1f0u_prot,7.16
6gdy_prot,5.46
4qfp_prot,4.23
5n3v_prot,4.34
2wvt_prot,6.12
4x6n_prot,8.82
4cwp_prot,6.77
3djv_prot,4.55
3qgw_prot,5.89
4dkq_prot,6.6
5d3x_prot,6.36
6q3z_prot,7.36
4or4_prot,4.57
4ufm_prot,3.72
4mq6_prot,6.47
3hig_prot,7.89
6odz_prot,9.15
3pwm_prot,9.1
5ko1_prot,6.64
3vtr_prot,5.57
1b3g_prot,6.7
3ffp_prot,7.14
6j1l_prot,6.42
4m2r_prot,8.49
1b52_prot,7.12
3twp_prot,3.92
5gj9_prot,4.99
5l9i_prot,7.0
1d3p_prot,7.39
3hek_prot,8.27
4i72_prot,9.05
1f0r_prot,7.66
4uja_prot,9.05
2rcb_prot,6.79
3tt4_prot,8.28
4qj0_prot,7.32
1h0a_prot,5.44
2q5k_prot,11.3
4cra_prot,7.22
10gs_prot,6.4
5l30_prot,9.14
1lst_prot,7.85
1zdp_prot,5.74
4i8z_prot,11.05
3ovn_prot,2.55
3ms9_prot,5.22
4gr0_prot,9.55
4ryd_prot,11.26
5vm0_prot,8.8
2y5h_prot,5.79
2f8g_prot,8.7
4m2u_prot,8.04
1b55_prot,7.4
2uz9_prot,5.71
4fai_prot,6.99
3g30_prot,2.51
4uin_prot,7.62
3myg_prot,10.7
2ans_prot,5.92
5sxm_prot,8.54
1xk5_prot,6.0
5j3l_prot,4.8
4ufj_prot,4.28
2vot_prot,7.14
2cbu_prot,5.68
6mh7_prot,5.74
2b1g_prot,6.64
6u5y_prot,7.16
2xog_prot,3.43
4fht_prot,6.17
3djq_prot,2.98
1ogx_prot,6.09
4k3h_prot,6.85
4g0y_prot,2.3
3o4k_prot,7.62
2olb_prot,5.54
2xdx_prot,6.46
5n1s_prot,7.99
5odx_prot,6.71
2f34_prot,6.89
1nq7_prot,6.8
6fui_prot,4.46
3bkl_prot,6.17
3t0d_prot,2.37
4muf_prot,6.34
6gjw_prot,4.96
5cap_prot,7.28
5j7w_prot,4.89
1f8b_prot,5.4
5ia2_prot,7.72
6eol_prot,7.43
5l8c_prot,7.0
1w9u_prot,6.09
1add_prot,6.74
1h46_prot,3.57
5nxi_prot,6.66
6pg7_prot,4.66
2qta_prot,5.76
1hwr_prot,8.33
5l7g_prot,7.8
5d2r_prot,5.82
4nj9_prot,6.97
2q8m_prot,4.03
3p5o_prot,7.26
6ior_prot,4.31
2d3u_prot,6.92
4qac_prot,9.4
1f8e_prot,4.82
3ewj_prot,6.84
3zze_prot,8.89
5ia5_prot,7.6
6mlg_prot,5.05
6eir_prot,6.24
3bkk_prot,6.08
1syh_prot,6.41
5n18_prot,5.68
1w5y_prot,8.48
2wtv_prot,8.74
5upj_prot,7.12
6ic2_prot,6.04
2ole_prot,7.25
3tsk_prot,7.17
2bvs_prot,4.1
6hzy_prot,3.92
3zsx_prot,3.28
4rwj_prot,8.7
3k4q_prot,5.34
5drr_prot,11.46
3hb4_prot,9.05
6iou_prot,3.73
4loi_prot,6.77
3qfz_prot,3.24
4ipj_prot,4.87
2xht_prot,5.96
3t5u_prot,7.59
5kat_prot,4.1
1zoh_prot,7.0
6phx_prot,3.32
5h85_prot,4.7
5tef_prot,5.4
3lgs_prot,4.61
4kzu_prot,6.5
6std_prot,8.64
4yml_prot,8.35
5oht_prot,6.02
5wyz_prot,7.68
4dju_prot,5.44
1amw_prot,4.54
1kmy_prot,5.1
6pg9_prot,4.92
5nxg_prot,8.55
5ka1_prot,4.48
6q4g_prot,4.3
5fto_prot,8.21
5dq8_prot,4.14
2w4x_prot,4.85
1f4g_prot,6.48
3mxd_prot,8.83
5u0d_prot,4.54
3ppp_prot,5.22
4wko_prot,9.47
5ikb_prot,8.72
1b46_prot,5.28
6qqv_prot,4.92
4yk0_prot,3.74
5gmh_prot,6.31
4ffs_prot,10.44
1b4z_prot,5.23
3gta_prot,4.28
1s38_prot,5.15
3ewc_prot,7.7
1ohr_prot,8.7
6mln_prot,7.54
2j62_prot,11.34
2h3e_prot,5.7
3dnd_prot,4.8
4av5_prot,7.21
1nwl_prot,2.39
4cu7_prot,7.59
3vvy_prot,4.84
3axz_prot,3.43
3tu7_prot,8.09
2pgz_prot,5.74
4m0y_prot,6.46
1d4j_prot,8.36
4wn5_prot,7.41
4jfm_prot,5.48
3zsq_prot,4.96
3a2o_prot,9.08
5eh8_prot,3.1
4g5f_prot,3.05
4ymb_prot,6.21
4e6d_prot,8.92
6qqq_prot,5.17
6j0o_prot,4.92
4kz7_prot,2.49
4myd_prot,4.55
1bxq_prot,7.38
6gf9_prot,6.39
2fzk_prot,3.6
2vnp_prot,9.92
2h6t_prot,7.22
1pfu_prot,2.72
1ghv_prot,4.35
1gno_prot,7.7
4djr_prot,11.52
3iw6_prot,5.48
5j8z_prot,8.3
6d5j_prot,6.34
3k2f_prot,7.2
5j86_prot,8.26
1yp9_prot,5.11
3p9m_prot,5.0
5mnn_prot,3.84
6qr2_prot,5.49
5oku_prot,6.26
4g0p_prot,3.01
3nht_prot,7.01
1w5w_prot,8.8
6fsy_prot,6.61
5n1z_prot,8.19
6aox_prot,4.82
6mli_prot,2.43
5vja_prot,6.59
3owj_prot,6.07
5h8e_prot,11.2
4ezz_prot,5.19
3i25_prot,8.51
4xtw_prot,9.03
2aoe_prot,7.62
2zdn_prot,6.25
6ift_prot,4.68
4o0a_prot,6.72
5en3_prot,6.21
1j16_prot,3.84
6h33_prot,9.22
4azg_prot,7.1
2zkj_prot,5.48
3p58_prot,7.6
2ccc_prot,7.76
2afx_prot,5.15
6d9s_prot,5.96
6hpw_prot,6.09
3da9_prot,5.51
5om2_prot,4.06
4m6u_prot,2.74
2bpv_prot,7.67
1ypg_prot,8.0
3sio_prot,8.0
3m1k_prot,5.39
4bcm_prot,6.91
6efj_prot,3.32
4gzw_prot,4.52
4hj2_prot,2.53
3hky_prot,7.1
6gl9_prot,6.87
6f92_prot,6.4
2cf9_prot,7.82
6gjl_prot,3.86
6ooy_prot,4.66
5b25_prot,10.24
1dqn_prot,8.0
1nw5_prot,5.21
4z1k_prot,8.33
1ik4_prot,7.41
2xm2_prot,4.62
3rz1_prot,8.74
2vh0_prot,8.51
4e9u_prot,5.82
4o97_prot,8.52
1qy2_prot,5.74
3fhb_prot,5.7
3kr8_prot,8.1
4e6q_prot,8.36
6dz0_prot,9.03
5hrw_prot,5.48
6h34_prot,9.3
2ra0_prot,7.8
5bry_prot,11.82
1h23_prot,8.35
1b4h_prot,5.46
6eeb_prot,5.3
4wk1_prot,5.89
4a6l_prot,8.0
3jdw_prot,3.6
5dqf_prot,3.6
4rrg_prot,2.81
2xmy_prot,9.96
6cjv_prot,5.66
2zn7_prot,7.89
5mgf_prot,4.27
2wr8_prot,5.44
3tzm_prot,7.77
2uwo_prot,8.7
3c8b_prot,6.1
3t0x_prot,8.0
4msc_prot,5.96
3ucj_prot,6.0
1zea_prot,5.22
5j1r_prot,4.66
1ony_prot,6.77
1wvj_prot,6.73
2aj8_prot,6.2
6hzb_prot,8.98
1ogd_prot,3.03
4gzp_prot,7.84
6dys_prot,4.25
4yha_prot,6.65
2ojg_prot,5.64
4e3g_prot,4.97
1ft7_prot,5.18
3kqr_prot,4.43
4z1e_prot,8.24
5edc_prot,7.66
4do4_prot,7.29
4ap7_prot,7.96
2rkg_prot,8.09
6bs4_prot,5.55
3hkw_prot,8.64
2vmc_prot,2.94
6ml9_prot,5.3
2vk6_prot,5.3
1mmr_prot,5.4
1xow_prot,9.28
4zt8_prot,4.39
5sz6_prot,7.0
6n5x_prot,4.6
4e5w_prot,7.66
5mnr_prot,5.46
6fz4_prot,5.95
6dyz_prot,9.2
4z84_prot,5.82
2xb8_prot,7.59
4kyh_prot,5.92
2qtt_prot,4.32
3rz8_prot,8.17
5h1v_prot,4.0
6got_prot,9.4
2tmn_prot,5.89
6olx_prot,5.38
6oja_prot,9.7
2cet_prot,8.02
4zx3_prot,7.19
2xn3_prot,5.92
6ajr_prot,4.31
5ogb_prot,7.47
4r73_prot,7.64
5mby_prot,3.51
1u33_prot,4.6
4iva_prot,7.16
4x8u_prot,2.46
4dcs_prot,5.1
4azi_prot,7.45
2pbw_prot,8.25
2w26_prot,9.4
6f3b_prot,6.56
2cli_prot,4.3
4zw7_prot,4.72
4xty_prot,9.21
1pot_prot,5.49
4yho_prot,10.74
4z83_prot,7.4
2y7x_prot,8.89
4m0e_prot,6.22
3k4d_prot,5.11
5amd_prot,8.55
3rv4_prot,2.3
5sz1_prot,8.92
1jq8_prot,6.0
4gu6_prot,7.36
6bs3_prot,5.82
2vmd_prot,3.02
2y80_prot,8.05
5edd_prot,5.24
4fl1_prot,3.28
2fu8_prot,4.7
5tcj_prot,7.38
4a6b_prot,8.38
3zv7_prot,5.92
4xt2_prot,7.15
2f94_prot,6.71
5zc5_prot,7.06
5oha_prot,4.89
1amk_prot,4.3
1w0z_prot,7.68
4ks1_prot,8.82
4auj_prot,7.74
4r74_prot,8.1
5d45_prot,6.92
4zx4_prot,7.11
4ual_prot,8.4
5cbm_prot,7.77
2ces_prot,7.25
3k8o_prot,11.07
1ghw_prot,4.2
1gnn_prot,5.68
1mh5_prot,9.21
5aa9_prot,8.19
5ka7_prot,4.35
3t3c_prot,10.23
1km3_prot,4.91
2xnb_prot,6.83
2hzy_prot,7.39
5d26_prot,6.09
5f1x_prot,6.11
5n2t_prot,5.08
1adl_prot,5.36
5oh7_prot,4.37
1h2k_prot,2.92
4m3p_prot,5.4
1b40_prot,7.28
4dew_prot,7.0
4kz6_prot,3.1
5htz_prot,8.62
3g2y_prot,2.0
2oi0_prot,7.55
5gmn_prot,4.73
5nwe_prot,4.88
5yyf_prot,6.48
4k0o_prot,3.0
1zog_prot,7.15
1wuq_prot,8.27
3uil_prot,6.0
6dpz_prot,3.59
5upe_prot,8.05
4csd_prot,5.91
5n17_prot,5.32
1w5v_prot,8.15
1uz4_prot,3.4
2qwf_prot,5.67
2std_prot,9.85
3gr2_prot,2.52
5yum_prot,3.65
3ujc_prot,4.59
2al5_prot,8.4
1d4l_prot,8.77
4k55_prot,5.51
4jfk_prot,6.44
4c6u_prot,4.59
6ge7_prot,6.06
4g0q_prot,2.52
4ynl_prot,4.62
1cbx_prot,6.35
6qr3_prot,6.44
1yvm_prot,6.4
4trc_prot,4.52
3p9l_prot,5.3
5hwu_prot,5.27
3g1v_prot,3.19
4wkn_prot,9.72
3ppq_prot,4.55
5anv_prot,9.3
6gfs_prot,6.54
1uvt_prot,7.64
3mxe_prot,10.01
5u0e_prot,5.11
1f4f_prot,4.62
1oba_prot,2.44
6stl_prot,8.8
4x8o_prot,6.6
1w96_prot,8.41
5mmg_prot,6.01
2hu6_prot,3.81
6qqw_prot,4.72
5ehr_prot,7.14
4o09_prot,7.7
2d3z_prot,6.64
5d21_prot,8.38
5l7h_prot,7.3
2qtn_prot,3.42
5vih_prot,7.49
6gon_prot,5.67
2cen_prot,8.3
6pg8_prot,3.85
6qr4_prot,6.23
3c79_prot,7.2
3ujd_prot,4.69
1d4k_prot,9.22
5vcz_prot,6.35
4bc5_prot,4.6
1s39_prot,7.7
5vl2_prot,8.42
4xxh_prot,5.0
6eiz_prot,6.22
3v5p_prot,8.96
6mlo_prot,6.1
6gla_prot,7.57
5d1r_prot,4.84
4qd6_prot,8.64
5f2p_prot,4.43
1tcx_prot,6.95
3dne_prot,5.22
4av4_prot,7.03
4ynb_prot,10.37
6j3o_prot,5.62
4ayu_prot,4.73
2bvr_prot,3.7
2vb8_prot,4.6
4heg_prot,8.92
3zsy_prot,3.23
5chk_prot,5.39
4k3n_prot,7.96
5j8u_prot,6.47
4bcp_prot,6.25
1usk_prot,6.4
6of5_prot,5.35
6d5e_prot,6.85
3t0b_prot,4.3
5ia4_prot,7.28
5b2d_prot,4.25
4jia_prot,9.22
3eqr_prot,8.7
5j7q_prot,4.58
1f8d_prot,3.4
4wa9_prot,8.42
3c84_prot,7.85
6eis_prot,6.6
5obg_prot,7.13
6dpt_prot,7.11
1b8y_prot,7.85
1syi_prot,5.44
2rk8_prot,3.64
4r4c_prot,5.54
5f25_prot,5.04
3ctt_prot,6.35
1w5x_prot,8.4
5ftg_prot,6.15
6gfz_prot,5.51
5oh9_prot,3.86
4az6_prot,9.1
6b59_prot,8.09
4ncn_prot,5.67
5eh7_prot,3.48
4de5_prot,3.15
4loh_prot,6.96
4dld_prot,5.82
2pk5_prot,10.7
3x00_prot,9.08
5f1v_prot,6.85
5n2z_prot,5.31
5nxo_prot,8.31
1ghy_prot,8.1
5ka9_prot,4.41
2qtg_prot,5.08
4cu8_prot,4.47
6fuh_prot,3.77
5l4i_prot,6.59
4lj5_prot,6.29
5n1r_prot,7.95
2f35_prot,5.4
4c9x_prot,7.32
5ia3_prot,7.34
5caq_prot,8.57
1f8c_prot,7.4
3t60_prot,6.7
6mla_prot,4.38
6mj4_prot,7.72
1n4k_prot,10.05
4k5p_prot,3.46
3exh_prot,4.88
6f05_prot,4.47
6dyn_prot,3.19
3ng4_prot,5.43
2fzc_prot,2.7
6pg6_prot,3.7
6ios_prot,4.1
4loo_prot,8.15
1fq5_prot,8.4
3dk1_prot,9.74
2gj5_prot,8.32
1kdk_prot,9.05
4de2_prot,4.12
4o07_prot,7.38
2q1q_prot,8.15
2f9k_prot,7.07
6j0g_prot,5.64
1d7j_prot,3.3
1uv6_prot,5.12
5ltn_prot,5.27
1hxw_prot,10.82
4rr6_prot,6.0
5tcy_prot,7.66
2qw1_prot,3.9
1l83_prot,3.4
3hkq_prot,5.34
6eif_prot,6.98
6f9v_prot,6.76
5aba_prot,2.98
4qb3_prot,5.47
2rka_prot,3.0
2y81_prot,8.7
2xdk_prot,3.6
1b7h_prot,8.02
4o3f_prot,5.56
1oar_prot,7.4
2vba_prot,4.6
5sz0_prot,9.1
3bbb_prot,7.0
2xn5_prot,6.69
6nu5_prot,5.15
4qgi_prot,3.9
4r75_prot,7.24
5aan_prot,4.15
2qrk_prot,4.26
5dxt_prot,9.7
2cer_prot,9.22
6elp_prot,6.63
1y6q_prot,11.7
3ppm_prot,9.54
4a6c_prot,7.92
4ezr_prot,5.2
5nw2_prot,6.49
5u0y_prot,6.08
4ymx_prot,7.1
4del_prot,7.68
6if0_prot,6.51
5hrx_prot,5.29
1d4p_prot,6.3
1oau_prot,7.7
4uma_prot,5.41
4gzx_prot,3.19
5sz7_prot,9.7
3ts4_prot,8.72
3daz_prot,7.93
1sv3_prot,4.35
6ce6_prot,5.1
2xdl_prot,3.1
2bpy_prot,7.4
6dy7_prot,4.18
6qrc_prot,4.89
4do5_prot,5.83
5zo8_prot,8.2
2rkf_prot,9.08
4kp8_prot,5.48
4iuo_prot,3.64
3nhi_prot,8.43
5edb_prot,7.0
3ryz_prot,8.62
3hmo_prot,7.52
3dbu_prot,8.06
2zda_prot,8.4
4o6w_prot,8.52
5f8y_prot,4.24
4zw6_prot,5.72
4xtx_prot,10.57
8cpa_prot,9.15
3bgs_prot,9.42
1hxb_prot,9.92
2clh_prot,4.06
4zwz_prot,8.7
2ce9_prot,6.03
2afw_prot,4.77
5voj_prot,8.44
2qrl_prot,4.0
4ou3_prot,4.41
4djo_prot,11.52
5egm_prot,8.62
5oa6_prot,5.51
4cpw_prot,7.5
4nja_prot,6.22
3o75_prot,6.68
2gl0_prot,4.82
3sjf_prot,7.64
1h22_prot,9.1
5hrv_prot,5.29
4bf1_prot,8.62
4rrf_prot,3.62
3bgz_prot,6.26
3c4h_prot,5.7
2aoc_prot,4.89
5dw2_prot,5.84
6ecz_prot,6.57
1ws1_prot,9.55
1odj_prot,4.1
3rux_prot,9.28
5u0w_prot,4.24
3rz0_prot,7.55
5j20_prot,9.14
1bq4_prot,5.22
1bwa_prot,8.6
4uac_prot,6.54
5vi6_prot,8.52
6ajz_prot,4.34
2hzl_prot,6.57
4z2b_prot,7.76
4bck_prot,8.4
1d4y_prot,11.1
4whs_prot,4.12
6u8b_prot,6.37
2xde_prot,5.47
6ny0_prot,5.4
6dyr_prot,3.66
4avj_prot,7.44
5wuk_prot,7.85
4g95_prot,7.61
3aqt_prot,6.72
4gu9_prot,4.37
6gjj_prot,3.7
4hla_prot,10.8
4cp5_prot,3.34
2f6t_prot,4.62
4cpy_prot,6.31
5jxn_prot,6.41
3rz7_prot,8.96
5j27_prot,6.74
3pyy_prot,6.86
2vh6_prot,9.7
2ccb_prot,7.45
6pga_prot,4.54
6el5_prot,6.88
2aod_prot,5.66
4xtv_prot,9.27
6eed_prot,6.09
4zw8_prot,5.96
4bf6_prot,8.35
1ebz_prot,9.4
4rra_prot,4.87
5l8y_prot,6.4
1j17_prot,5.22
3m40_prot,6.77
2ra6_prot,4.52
4ymq_prot,5.8
3ueu_prot,5.24
6gjm_prot,3.58
3gt9_prot,3.96
1y3n_prot,5.55
4v27_prot,6.66
2cf8_prot,8.1
6gl8_prot,8.61
1nw4_prot,9.07
5edl_prot,8.35
4z1j_prot,8.11
4fcq_prot,7.0
6dyu_prot,10.26
5mn1_prot,2.48
1tjp_prot,4.42
6iez_prot,6.52
2xb7_prot,9.19
3g1d_prot,3.48
2za5_prot,8.43
5om3_prot,4.1
6d55_prot,7.36
4rww_prot,5.85
5aml_prot,9.15
4agl_prot,3.65
1nfy_prot,8.89
6dai_prot,4.07
3b67_prot,8.85
2wej_prot,6.08
4xoe_prot,5.0
5o9o_prot,4.89
2o8h_prot,7.6
4og3_prot,6.55
6c85_prot,3.9
6hke_prot,7.68
3q1x_prot,5.33
5ne5_prot,7.41
1i9p_prot,8.41
6dh8_prot,9.84
5a6x_prot,6.69
3dp9_prot,9.68
5lli_prot,7.05
6ppy_prot,4.44
6jdl_prot,4.89
4f2w_prot,11.3
5ep7_prot,5.4
4cga_prot,6.4
3std_prot,11.11
5evb_prot,5.0
1x1z_prot,11.06
3dsz_prot,7.77
3jup_prot,5.58
6orr_prot,9.3
5fe6_prot,2.16
4w52_prot,3.76
5k0h_prot,7.09
2ha3_prot,3.03
1kv5_prot,4.22
2pvh_prot,6.59
2ylc_prot,7.89
3gjw_prot,8.3
2fgu_prot,9.18
6eq8_prot,8.0
3pd8_prot,6.46
4d4d_prot,5.96
4og4_prot,6.02
4riu_prot,7.3
3jy0_prot,8.3
6exi_prot,5.05
5njz_prot,7.8
5qal_prot,3.46
2x09_prot,3.76
3l0v_prot,7.64
3dyo_prot,2.3
6qlo_prot,5.06
3ccw_prot,7.87
3elc_prot,2.69
3gi4_prot,10.8
4omj_prot,5.26
4oks_prot,4.48
5m04_prot,6.34
4re2_prot,4.98
1hos_prot,8.55
3nuj_prot,9.39
6fng_prot,7.14
6p3v_prot,7.02
6p5o_prot,4.54
4u5s_prot,2.41
4in9_prot,4.97
5i9x_prot,7.52
6e7j_prot,9.48
2ewb_prot,6.1
3s8o_prot,6.85
2r3t_prot,5.85
6hgi_prot,6.22
4gg7_prot,8.2
2r38_prot,7.44
1xr9_prot,7.15
3mi3_prot,5.45
3old_prot,5.9
2yi0_prot,8.12
3mof_prot,3.07
1k9s_prot,6.52
4omc_prot,10.78
4pfu_prot,6.17
6aro_prot,5.15
2xp7_prot,5.77
1li2_prot,4.04
1z4o_prot,4.52
4km2_prot,5.84
3lp4_prot,4.88
6nmb_prot,2.7
6e1z_prot,3.82
6g24_prot,2.77
5jox_prot,4.46
5wa9_prot,6.76
2xyf_prot,8.44
3b3c_prot,3.98
4d7b_prot,7.68
5llg_prot,11.13
2yfx_prot,8.09
3zhx_prot,6.68
3oe5_prot,6.88
6hay_prot,7.01
6mxc_prot,5.56
4poh_prot,8.0
6dh6_prot,9.93
2jdm_prot,5.4
3ao4_prot,2.07
4u69_prot,4.26
5c5t_prot,3.13
2wly_prot,6.6
4y5d_prot,5.92
3bu1_prot,8.15
6i8y_prot,6.74
2qi3_prot,10.2
6eq1_prot,4.61
5dey_prot,8.43
4xir_prot,6.94
4gbd_prot,11.32
2x00_prot,11.33
6bbx_prot,6.67
5os8_prot,3.98
1qk4_prot,4.21
1o30_prot,6.77
4idn_prot,5.24
4b7r_prot,9.64
1o5e_prot,5.74
1nfw_prot,8.96
5ost_prot,4.56
2wed_prot,6.1
6hgg_prot,5.42
6jb0_prot,7.24
1k6p_prot,7.36
4rj8_prot,7.77
1i5r_prot,8.52
5evk_prot,4.92
4w97_prot,7.1
5hcy_prot,8.92
1sdv_prot,8.74
3fvh_prot,6.35
6fni_prot,8.22
2yi7_prot,8.32
2vvv_prot,8.22
2vpo_prot,5.42
3bv9_prot,5.36
2ax9_prot,9.52
3pgu_prot,6.7
2o4j_prot,10.1
1os0_prot,6.03
2erz_prot,5.66
5oss_prot,4.55
2wec_prot,3.96
3vha_prot,7.4
1qk3_prot,5.15
4j45_prot,5.77
4jx9_prot,8.62
3jyr_prot,5.54
188l_prot,3.33
5o07_prot,7.47
1v2o_prot,4.73
2qi4_prot,10.44
3sxf_prot,8.6
6qe0_prot,4.6
2i4z_prot,5.7
2wjg_prot,7.1
2i2c_prot,4.7
6dh1_prot,10.58
4aba_prot,3.82
1e6q_prot,3.15
4igt_prot,7.89
4w9i_prot,5.96
2xys_prot,7.42
5ji8_prot,4.63
6g2m_prot,7.82
1tq4_prot,6.19
1kzn_prot,8.92
6r9u_prot,2.12
2v3u_prot,3.0
4j7d_prot,4.7
1o0f_prot,5.3
3eeb_prot,5.89
3d6p_prot,3.75
1c5n_prot,4.7
5yas_prot,3.26
5cs3_prot,2.15
3rm4_prot,5.77
3hvi_prot,8.3
3uxd_prot,4.41
3juk_prot,4.89
1px4_prot,3.23
1fo0_prot,5.59
3vd4_prot,4.82
2c1p_prot,5.4
3qx5_prot,4.2
5jfp_prot,9.32
1sb1_prot,6.89
4u5o_prot,2.42
6hd6_prot,5.7
2nmx_prot,5.57
4q9y_prot,5.68
1o3i_prot,7.3
2weq_prot,5.9
6dar_prot,6.66
6qls_prot,5.35
1e3g_prot,9.0
5wbo_prot,4.21
4ibb_prot,3.57
6m8q_prot,6.43
3ai8_prot,3.81
4ahs_prot,2.19
5i3v_prot,7.8
1epo_prot,7.96
3buh_prot,3.66
4rfm_prot,10.05
2vuk_prot,3.9
5ymx_prot,6.92
5neb_prot,7.77
6hmg_prot,4.94
1mu6_prot,8.38
4qyy_prot,7.3
4yzu_prot,5.05
3fv1_prot,9.3
1r1h_prot,8.92
3el4_prot,7.17
2vvc_prot,8.52
3jzh_prot,3.4
4up5_prot,2.6
6hgr_prot,3.46
3pn1_prot,6.96
3zns_prot,7.41
1gyx_prot,2.48
4qpd_prot,7.82
6fa4_prot,7.29
5ovp_prot,5.04
4ad3_prot,4.62
4abf_prot,4.62
5hjq_prot,4.72
2xyt_prot,6.29
2wf5_prot,6.0
5nee_prot,10.7
3zbx_prot,8.22
3q71_prot,5.22
3s43_prot,8.6
3hs4_prot,8.0
5g57_prot,8.4
2baj_prot,8.4
3fur_prot,8.0
4cmo_prot,9.07
5zw6_prot,8.0
6qlt_prot,4.04
4agp_prot,4.69
4ibe_prot,4.15
3sww_prot,8.4
2a8g_prot,3.69
6dgl_prot,5.52
5fot_prot,3.17
2p3b_prot,8.48
1msm_prot,10.48
1v2s_prot,4.17
4rfc_prot,8.24
3buf_prot,3.1
1mu8_prot,9.0
2x96_prot,4.03
3zdh_prot,7.35
4u0w_prot,3.0
4knj_prot,7.95
3cj4_prot,6.51
5i3x_prot,8.1
4ck3_prot,3.57
1dif_prot,10.66
1fcy_prot,8.52
6ql1_prot,6.48
2we3_prot,4.43
4us3_prot,5.32
6jao_prot,4.86
2yel_prot,7.28
3zm9_prot,7.42
6i13_prot,5.12
1bcd_prot,8.7
4ogj_prot,6.79
3gc4_prot,7.6
1ydd_prot,7.07
3nu4_prot,8.82
2p95_prot,9.37
3d9z_prot,8.7
6mqe_prot,11.29
1hi4_prot,4.49
6gwr_prot,8.1
5g61_prot,6.4
6hh3_prot,6.24
3s75_prot,6.82
3wtl_prot,7.04
4l2l_prot,5.7
5m9w_prot,2.24
3f3e_prot,7.7
4cg8_prot,6.96
5epn_prot,8.66
6g2c_prot,4.66
5msb_prot,7.46
3b3x_prot,3.6
1g3d_prot,5.55
1o0h_prot,5.92
1x8r_prot,6.12
5qay_prot,3.23
3hzk_prot,6.7
3f68_prot,5.06
5cp5_prot,5.91
2yek_prot,7.21
6i14_prot,5.82
5dlx_prot,5.7
3u8j_prot,8.51
2pyy_prot,4.6
1lcp_prot,6.64
4cd0_prot,9.7
1m0b_prot,8.82
4ibk_prot,4.3
2wca_prot,5.6
2pv1_prot,7.14
4knm_prot,8.0
4yyt_prot,6.38
2x91_prot,6.74
3mjl_prot,2.44
5azf_prot,4.44
4br3_prot,5.72
4rfd_prot,8.05
1v2t_prot,4.71
3cf8_prot,4.9
4fxp_prot,4.09
2jh6_prot,7.77
4abh_prot,4.15
1nc1_prot,6.12
5wgp_prot,5.62
3cft_prot,4.19
6gxq_prot,7.1
3l59_prot,3.7
3n0n_prot,7.3
1my4_prot,6.98
3l3l_prot,7.48
4d8z_prot,6.29
5e3a_prot,5.44
3n9s_prot,5.26
3d91_prot,9.15
3s72_prot,6.4
6bhv_prot,5.23
3rbu_prot,9.43
1gpk_prot,5.37
1hi3_prot,4.19
5yhg_prot,6.02
4nra_prot,4.19
3iog_prot,5.52
3nu3_prot,9.82
4ih5_prot,4.11
6cwh_prot,7.54
6fhk_prot,7.51
6fnr_prot,5.59
1fiv_prot,6.59
2hb3_prot,11.35
6fhq_prot,2.47
5dfp_prot,7.66
2o4k_prot,10.46
3miy_prot,7.68
2vpn_prot,6.72
5fck_prot,8.22
5dit_prot,6.15
2nnd_prot,6.06
6hgf_prot,5.02
3f34_prot,3.16
5flo_prot,3.15
3b50_prot,7.55
4cgi_prot,3.12
1g35_prot,8.14
3cfn_prot,5.0
4lxd_prot,7.23
2qi5_prot,10.85
6bm6_prot,4.68
3pbb_prot,7.02
1v2n_prot,5.9
6eq7_prot,7.0
3ao2_prot,3.77
1p1q_prot,4.89
3cl0_prot,7.07
4j44_prot,5.73
1o36_prot,5.96
2zym_prot,6.14
1o5c_prot,5.22
2web_prot,5.12
1trd_prot,5.4
4xit_prot,7.27
5txy_prot,5.46
1pr5_prot,3.92
1g32_prot,6.11
2v54_prot,4.6
6g25_prot,3.52
5ovc_prot,5.96
4tim_prot,2.16
4ab9_prot,3.33
5wa8_prot,6.23
6hax_prot,7.59
3oe4_prot,7.47
3f33_prot,3.34
2vyt_prot,2.74
4n7m_prot,5.47
1k6v_prot,6.92
3rdq_prot,9.31
3ejr_prot,8.57
4ek9_prot,4.42
4pft_prot,8.64
5fe9_prot,4.68
4mhy_prot,6.47
5ayt_prot,6.77
6a87_prot,3.15
2o4l_prot,9.22
2e27_prot,9.35
3mi2_prot,7.77
3fvn_prot,6.77
2psv_prot,7.24
1li3_prot,4.25
6arn_prot,5.19
5ipj_prot,8.89
5fog_prot,3.67
3hzv_prot,6.52
5nlk_prot,7.46
3ge7_prot,8.7
4jxs_prot,4.74
4b1j_prot,7.3
3b68_prot,8.4
2jkh_prot,8.05
4agc_prot,10.7
1e5j_prot,4.0
4ido_prot,4.93
4h85_prot,5.15
2haw_prot,4.92
3ao5_prot,2.23
6dh7_prot,9.88
6ueg_prot,4.71
4ehz_prot,8.0
5dex_prot,7.65
7std_prot,10.72
2vzr_prot,4.28
4xoc_prot,8.52
2r0z_prot,5.47
5ipc_prot,4.89
6p9e_prot,7.17
6qln_prot,4.66
2pym_prot,6.82
3qto_prot,4.13
4b76_prot,4.54
1o38_prot,6.82
2ha2_prot,4.66
2i4u_prot,11.57
4nwc_prot,5.76
6equ_prot,6.38
3pd9_prot,6.22
4ht0_prot,8.0
5kz0_prot,7.66
6qi4_prot,4.37
2hmu_prot,7.7
4b2l_prot,3.24
5jop_prot,9.41
5i9y_prot,8.55
5evd_prot,5.0
4qp2_prot,3.03
3b5r_prot,8.77
6gxe_prot,8.05
5llo_prot,9.4
3s8n_prot,6.21
1rr6_prot,10.25
1c5s_prot,6.0
4ggz_prot,10.18
3bpc_prot,4.8
3hv8_prot,6.98
4hws_prot,9.1
3gi5_prot,11.22
1oss_prot,4.79
2e2r_prot,8.26
1a99_prot,5.7
4omk_prot,4.4
1ksn_prot,9.4
6fh3_prot,3.07
3lpp_prot,6.22
5t8p_prot,5.89
5a5q_prot,4.68
5hcv_prot,8.7
6fnf_prot,7.89
6hm1_prot,6.04
5iyy_prot,4.77
5g5f_prot,5.28
4u6z_prot,5.41
4b8y_prot,8.05
3b92_prot,8.0
1nfx_prot,8.52
1sh9_prot,6.03
4qsv_prot,2.0
6g14_prot,5.49
6dgq_prot,5.51
3b66_prot,8.6
6g7a_prot,6.78
5os7_prot,3.69
4agm_prot,3.98
1m0q_prot,3.89
1xq0_prot,6.34
3f6g_prot,4.72
3utu_prot,10.92
4oag_prot,6.3
1sbg_prot,7.74
2oxn_prot,7.44
3tay_prot,3.38
3coz_prot,5.57
3vdb_prot,2.52
1njs_prot,7.82
4re4_prot,6.87
5fe7_prot,3.31
1ua4_prot,4.22
5yh8_prot,6.78
1c5t_prot,4.1
4zip_prot,9.68
5llh_prot,10.17
5ljq_prot,9.0
6gxb_prot,7.46
4ca5_prot,9.39
4kb9_prot,11.0
3kek_prot,8.36
5t7s_prot,4.1
1z71_prot,9.18
5c3p_prot,4.46
3cj2_prot,4.85
2jdp_prot,6.6
5a6k_prot,5.95
4zei_prot,5.88
1v2u_prot,3.37
4jwk_prot,8.32
2x6x_prot,3.68
6ex1_prot,7.31
4mdn_prot,6.22
1oyt_prot,7.24
3qt6_prot,5.37
2py4_prot,6.7
5mpk_prot,8.52
3u8k_prot,8.66
4ibj_prot,4.33
3fzy_prot,6.74
1pxp_prot,6.66
6mqc_prot,8.28
1v16_prot,3.87
3uxl_prot,5.57
3s73_prot,8.7
6hh5_prot,4.27
3n9r_prot,7.15
3iof_prot,5.22
1qaw_prot,5.12
1ydb_prot,8.24
1nja_prot,6.31
6g2e_prot,5.01
4fxq_prot,5.77
1o0n_prot,4.09
1x8t_prot,7.8
3dzt_prot,7.22
1ez9_prot,5.1
3l3m_prot,8.22
4eb8_prot,9.82
5flt_prot,2.89
3wtj_prot,6.53
4rlw_prot,4.87
2yfe_prot,6.63
3f3c_prot,6.02
3u8l_prot,8.05
4j21_prot,7.41
1qkb_prot,7.35
4kao_prot,6.11
1o3f_prot,7.96
1fcx_prot,7.19
4nxu_prot,5.54
3ies_prot,9.92
3tk2_prot,4.62
4f1l_prot,5.12
3hzm_prot,5.52
2r0h_prot,3.51
3gc5_prot,7.26
6i12_prot,5.57
6jan_prot,5.79
3n3g_prot,7.24
4zls_prot,9.09
5x74_prot,8.64
4q0k_prot,4.87
4en4_prot,5.52
2x97_prot,5.66
1v2r_prot,3.55
3bug_prot,3.18
3fuz_prot,6.54
5i3y_prot,9.4
3cj5_prot,6.34
3ocz_prot,7.46
3f3d_prot,7.16
1oz0_prot,7.7
5csp_prot,4.24
3wtm_prot,7.0
5fls_prot,3.04
2aqu_prot,9.32
1c3x_prot,3.68
5ovx_prot,4.5
2jh0_prot,8.7
4qpl_prot,7.41
1g3e_prot,5.38
6ixd_prot,9.8
4w9f_prot,5.49
2zz2_prot,4.54
4cg9_prot,6.21
6g2b_prot,3.8
3nu5_prot,8.35
4ih3_prot,4.82
6cwn_prot,6.65
3qxv_prot,8.4
5eyr_prot,5.3
5g60_prot,6.52
3uxk_prot,4.93
5czm_prot,8.32
1hi5_prot,4.04
1v11_prot,3.98
1gyy_prot,3.64
3znr_prot,7.44
6hgs_prot,3.77
1jev_prot,6.89
5fl6_prot,7.36
4w9o_prot,7.77
4abg_prot,3.57
3st5_prot,11.3
6ndl_prot,7.19
4ad2_prot,6.2
2a4m_prot,4.52
3lpk_prot,9.1
2pu1_prot,5.85
4uye_prot,8.02
4y0a_prot,2.31
3bva_prot,6.52
5izj_prot,11.52
3q2j_prot,4.18
3el5_prot,7.72
6qlu_prot,4.64
2v00_prot,3.66
3vh9_prot,6.24
3tkw_prot,5.27
4ibd_prot,3.67
4agq_prot,5.01
4j28_prot,5.7
2p3c_prot,7.62
6jag_prot,4.5
3gcp_prot,7.82
1wht_prot,3.7
4q93_prot,4.65
6exs_prot,3.44
5o9r_prot,5.39
5fou_prot,3.95
1a30_prot,4.3
6hk4_prot,8.55
5g5z_prot,5.66
6aqs_prot,7.55
1qbv_prot,5.39
2bak_prot,7.43
4ahu_prot,2.27
4hwo_prot,8.54
2z94_prot,5.85
6hni_prot,4.03
456c_prot,9.77
5ey0_prot,2.65
1kuk_prot,3.91
4u5n_prot,2.48
3lpl_prot,5.62
1ydk_prot,5.89
3nsn_prot,7.19
4qy3_prot,6.82
5ovv_prot,4.48
1qhc_prot,7.57
4j7e_prot,4.85
4w9h_prot,6.73
6fgg_prot,4.77
3b3w_prot,4.19
6g2l_prot,7.17
6pvz_prot,3.47
4l4z_prot,5.68
1hfs_prot,8.7
5ave_prot,5.44
2r5p_prot,8.48
1k6c_prot,7.48
5nih_prot,6.87
1c5o_prot,3.49
2bal_prot,6.31
5i3w_prot,9.22
2pvu_prot,6.31
4ahr_prot,2.19
1flr_prot,10.0
1qbq_prot,8.3
1bjv_prot,5.54
4gkm_prot,5.17
3zdg_prot,7.1
6i8m_prot,7.8
5vr8_prot,6.87
3s45_prot,8.49
6hk3_prot,7.5
3d52_prot,3.28
3jya_prot,6.89
4egk_prot,7.72
6qlr_prot,4.82
4ibc_prot,2.98
4tln_prot,3.72
5z5f_prot,2.17
6gzd_prot,8.01
1i1e_prot,5.03
5nk9_prot,6.14
3gbe_prot,5.0
3n4b_prot,7.02
6jfk_prot,4.84
6i67_prot,6.7
4jyt_prot,7.4
1rp7_prot,8.52
1jgl_prot,8.7
1ax0_prot,3.13
4u8w_prot,11.24
1o2z_prot,6.11
4ieh_prot,7.85
5v0n_prot,7.17
3cda_prot,7.58
1nhu_prot,5.66
4kow_prot,4.31
2pwg_prot,4.82
5i2e_prot,6.64
4fs4_prot,6.57
3cke_prot,6.1
2v88_prot,4.09
2c3l_prot,5.07
1hms_prot,6.37
4gj3_prot,8.85
3rf5_prot,5.63
5vsf_prot,7.03
2qhy_prot,7.48
3zcl_prot,8.0
5g4o_prot,4.43
4q1w_prot,11.7
3kdb_prot,9.85
4b3b_prot,3.6
6ne5_prot,10.52
2c92_prot,5.68
2hjb_prot,4.39
4xmb_prot,7.36
1uou_prot,7.7
3ebh_prot,6.32
2z1w_prot,4.08
2p15_prot,10.3
3d1z_prot,8.8
5exn_prot,7.64
4dsu_prot,2.82
5win_prot,7.03
4iic_prot,4.85
3lq2_prot,5.22
966c_prot,7.64
4io6_prot,4.82
6e9a_prot,11.92
5m23_prot,8.9
1hmt_prot,5.79
2vt3_prot,4.15
5e1s_prot,7.92
6c9v_prot,6.92
1mrw_prot,9.7
3pce_prot,2.0
6t1l_prot,4.77
3ckb_prot,2.98
4yxi_prot,6.5
5xsr_prot,7.69
5etb_prot,4.54
3b1m_prot,8.48
5zym_prot,5.77
6fe1_prot,8.48
4tkb_prot,5.59
4b6s_prot,6.01
3roc_prot,8.19
5fng_prot,2.96
6eya_prot,7.48
1a4w_prot,5.92
3gbb_prot,6.9
3f7i_prot,7.34
4nue_prot,6.82
3tfn_prot,6.57
3kmx_prot,4.82
2gzl_prot,4.82
4iid_prot,5.62
5dgw_prot,11.05
1bnu_prot,9.7
3ekr_prot,7.52
4jsa_prot,4.96
2x2r_prot,7.12
2p7g_prot,6.53
1k1o_prot,6.17
3ebo_prot,4.72
1ndy_prot,6.17
6g35_prot,7.76
2wgj_prot,8.7
1m2p_prot,6.11
6dj1_prot,10.51
4alx_prot,7.28
4rd3_prot,6.47
4q4o_prot,7.46
1wc1_prot,4.0
6euc_prot,3.77
3ok9_prot,11.23
3mhw_prot,2.3
3re4_prot,7.4
3oku_prot,6.36
3wz7_prot,5.74
3bqc_prot,5.73
2vw5_prot,8.52
4xk9_prot,9.07
6ncn_prot,3.05
1sld_prot,6.57
5eq1_prot,4.68
2v2h_prot,3.77
1c84_prot,5.0
2qnn_prot,7.15
1owe_prot,6.2
1grp_prot,3.72
6msy_prot,7.0
4q1y_prot,10.35
1ctt_prot,4.52
1fkw_prot,5.05
4u71_prot,5.22
2zq2_prot,6.56
3u92_prot,7.48
1c70_prot,10.3
5nk7_prot,6.33
3n2u_prot,7.84
2z4o_prot,9.57
3f15_prot,8.1
3sue_prot,9.08
1ndw_prot,5.23
6r8o_prot,8.22
5oq8_prot,5.85
5uc4_prot,6.46
2qd7_prot,9.1
3rlb_prot,9.92
3mam_prot,4.12
2vw2_prot,3.3
5e2r_prot,7.06
6gvf_prot,7.55
5t9w_prot,5.59
5c1m_prot,10.8
1qf0_prot,7.38
6gzm_prot,8.26
3f7g_prot,7.37
3h78_prot,4.24
6fcj_prot,7.15
3aas_prot,4.51
2euk_prot,6.6
5k8s_prot,8.22
1g7f_prot,5.47
6ayr_prot,8.39
5a81_prot,5.54
2zxd_prot,5.22
1nh0_prot,9.74
1x38_prot,8.77
3ahn_prot,7.05
3mmf_prot,7.43
2azr_prot,3.64
1jn4_prot,4.95
1c83_prot,4.85
3pck_prot,6.7
3f8c_prot,7.68
6udi_prot,10.0
2yme_prot,7.66
2yge_prot,5.06
2qbp_prot,8.4
4gfo_prot,6.62
4pnu_prot,4.89
2g94_prot,9.52
1ppm_prot,5.8
3rlp_prot,7.08
3suw_prot,4.7
5ucj_prot,6.36
4b35_prot,2.89
4aci_prot,2.22
5uln_prot,7.85
3dri_prot,4.42
2a5c_prot,4.62
1atl_prot,6.28
3w07_prot,3.38
2bes_prot,4.24
5i1q_prot,7.92
4q46_prot,3.77
5m7u_prot,8.1
2vwl_prot,7.02
3wzn_prot,7.0
5fdi_prot,7.73
6czb_prot,4.33
1z9y_prot,7.19
5uf0_prot,3.8
4b6o_prot,7.0
4kfq_prot,8.23
1z95_prot,7.12
2gv7_prot,7.85
2e9u_prot,8.1
4ury_prot,2.22
4rn4_prot,6.94
1a4k_prot,8.0
3uug_prot,4.51
4hzm_prot,4.63
4xar_prot,6.97
5laq_prot,9.2
4pb2_prot,4.8
1mtr_prot,8.4
1lkl_prot,5.81
3h8b_prot,6.29
1fkb_prot,9.7
4b9k_prot,6.17
4kiu_prot,3.85
1bnn_prot,10.0
1t5f_prot,4.22
4jsz_prot,2.3
5vp9_prot,8.99
3kmc_prot,6.4
3tfu_prot,3.28
2bet_prot,2.77
6cpw_prot,8.25
1p57_prot,4.4
3fql_prot,7.15
2jf4_prot,8.15
4b32_prot,3.34
1tpw_prot,3.3
3iae_prot,3.89
3b25_prot,6.07
4f3c_prot,11.82
2ya7_prot,3.14
2qbw_prot,7.25
4oc1_prot,6.6
3upv_prot,5.3
2wkz_prot,8.77
1lkk_prot,6.85
2pqb_prot,7.2
3u6h_prot,9.0
1vyg_prot,8.0
2jew_prot,6.69
2wk6_prot,3.32
2yki_prot,9.46
5tpx_prot,6.55
1bma_prot,4.59
5o1f_prot,4.52
1k27_prot,9.0
5o87_prot,6.61
2p4s_prot,9.51
5e89_prot,7.85
5nki_prot,7.72
4f6u_prot,6.15
2wbg_prot,4.45
3h1x_prot,5.89
3spf_prot,3.86
1ql7_prot,5.0
6cze_prot,4.03
3kgq_prot,2.3
6o5x_prot,7.66
6g6t_prot,7.7
1fm9_prot,9.0
1z6s_prot,4.34
6csq_prot,6.39
2pwr_prot,6.59
4luz_prot,4.7
2bfr_prot,5.25
3ckp_prot,6.35
3nw3_prot,6.49
5uoo_prot,8.85
1nny_prot,7.66
5e74_prot,4.41
5g46_prot,2.6
5yl2_prot,4.5
6udu_prot,9.3
3zc5_prot,7.13
1ex8_prot,6.33
3d4y_prot,5.7
5fnu_prot,8.89
4q83_prot,4.19
5dkn_prot,3.69
5mqe_prot,5.4
5org_prot,8.4
1o2o_prot,6.36
3nx7_prot,8.1
5ufr_prot,8.7
6ugz_prot,7.72
6gvz_prot,6.4
6ouv_prot,5.55
6eux_prot,5.92
5m77_prot,7.61
4jss_prot,3.3
3mhl_prot,7.25
3drg_prot,7.0
2gz2_prot,5.22
6qgg_prot,6.3
3fqe_prot,8.3
1sl3_prot,11.85
1g2l_prot,7.24
2ovv_prot,7.92
3su5_prot,5.58
3eb1_prot,4.79
3bxe_prot,5.48
4oct_prot,5.05
4l51_prot,3.0
1ppc_prot,6.16
3f48_prot,6.29
3l4z_prot,6.72
6p85_prot,4.99
1o2h_prot,7.17
6ayi_prot,6.68
1g1d_prot,9.44
4tmn_prot,10.17
1ql9_prot,5.35
1dgm_prot,5.05
2boh_prot,8.52
6ey8_prot,5.81
4efk_prot,2.49
5kr1_prot,9.49
3f70_prot,4.85
4mc2_prot,8.19
5nkg_prot,7.68
6eyt_prot,5.72
4q8x_prot,3.57
5fnr_prot,4.23
3uzj_prot,5.55
3s5y_prot,7.41
5e73_prot,4.64
1hk4_prot,5.31
5o1h_prot,4.85
4cjp_prot,3.32
5a7b_prot,3.57
1dhi_prot,7.26
2pql_prot,7.28
1lke_prot,7.52
1g85_prot,5.48
2isw_prot,7.43
4jzi_prot,7.4
5mrm_prot,5.03
6g5u_prot,6.4
2xxr_prot,6.55
3su2_prot,7.35
1g2k_prot,7.96
5uez_prot,6.01
1o86_prot,9.57
2ptz_prot,7.82
1fhd_prot,6.82
5jgq_prot,4.62
5nau_prot,7.52
4q4s_prot,6.95
3jrs_prot,4.28
5ld8_prot,8.05
5tuz_prot,7.4
2qmg_prot,9.15
5e2s_prot,9.01
6dj7_prot,8.72
1qf1_prot,7.32
6g3v_prot,6.04
1lgt_prot,6.1
4b5s_prot,3.49
3lxk_prot,9.8
1ndv_prot,5.92
5owl_prot,5.92
5oqu_prot,3.61
6e6m_prot,5.75
1c4u_prot,10.37
3d7k_prot,4.6
2qd6_prot,8.68
4wt2_prot,10.42
4n07_prot,6.46
3aho_prot,7.05
4kif_prot,4.84
4u1b_prot,5.31
1x39_prot,9.22
6guh_prot,7.59
2ymd_prot,3.16
1mrx_prot,7.26
3pcj_prot,7.22
2o0u_prot,5.49
2yk1_prot,8.13
4y4j_prot,2.47
3gdt_prot,7.19
3mdz_prot,9.1
5otc_prot,4.71
6ays_prot,9.19
1o2r_prot,5.21
1g7g_prot,6.6
1m7i_prot,5.4
4b5t_prot,3.33
1g4o_prot,8.25
3w9r_prot,6.18
3kdm_prot,7.0
5mrp_prot,5.52
6g3q_prot,7.24
6nco_prot,4.52
4std_prot,10.33
1m2x_prot,4.15
6r18_prot,4.92
5a2i_prot,5.06
1bn1_prot,9.34
3wz6_prot,5.96
5e28_prot,7.91
4n9a_prot,4.19
6nfy_prot,7.8
5etj_prot,10.18
4nyf_prot,7.31
3u93_prot,6.31
4fzj_prot,3.15
3agl_prot,7.8
3aau_prot,5.05
6ayt_prot,8.85
4b0b_prot,3.33
4tkj_prot,6.04
1xpz_prot,7.08
5nk6_prot,6.8
5e8f_prot,8.64
3oaf_prot,8.8
4hu1_prot,7.54
4q1x_prot,11.15
3f8e_prot,7.23
4u70_prot,5.02
7upj_prot,8.49
3ikd_prot,6.75
1ctu_prot,11.92
1nhz_prot,6.08
6fe0_prot,6.48
6e5l_prot,7.18
4b6r_prot,5.85
4cc5_prot,4.42
3b7u_prot,7.74
5zyl_prot,7.06
1i7z_prot,6.4
4ge1_prot,6.43
2ydw_prot,7.34
6i61_prot,6.24
3f7h_prot,7.09
1ps3_prot,2.28
3zln_prot,8.47
5fnf_prot,3.15
5yj8_prot,3.98
1bm7_prot,7.52
6t1m_prot,5.21
3pe1_prot,9.65
3vfb_prot,9.04
6r4k_prot,5.07
3nq9_prot,4.03
2iuz_prot,5.55
1k1n_prot,6.82
2qd8_prot,9.07
4jz1_prot,6.7
3ggu_prot,9.77
2qdt_prot,5.19
3kdd_prot,8.46
1vso_prot,4.72
1m4h_prot,9.52
1m2q_prot,6.1
4h3j_prot,7.05
3lxe_prot,6.6
1o1s_prot,7.31
4b3d_prot,2.68
4ytc_prot,7.89
2c94_prot,6.82
6g34_prot,8.24
3kmy_prot,4.49
6r11_prot,4.92
4iie_prot,2.34
5ja0_prot,5.22
4aji_prot,3.55
1bnt_prot,9.8
2ayr_prot,9.29
4ej8_prot,5.39
1mq5_prot,9.0
4pg9_prot,7.8
4aia_prot,3.66
4cl6_prot,5.39
4np9_prot,5.03
5k1f_prot,4.79
6epz_prot,7.14
5g4n_prot,4.0
5m25_prot,8.19
3uz5_prot,7.22
4mjp_prot,3.88
4gj2_prot,8.6
1hmr_prot,6.55
3rf4_prot,6.25
6t1j_prot,4.74
2qg0_prot,5.72
4n5d_prot,3.22
3uu1_prot,5.2
5nk8_prot,6.64
1hbv_prot,6.37
6i66_prot,6.74
1fd0_prot,8.4
1lbk_prot,3.18
5mwh_prot,5.74
3b7r_prot,7.7
3u9q_prot,4.38
5er1_prot,6.02
5uff_prot,4.24
6ugn_prot,6.12
4zae_prot,8.44
3wz8_prot,5.82
3mna_prot,7.39
3ekt_prot,10.59
1qft_prot,8.77
4io7_prot,3.68
5ult_prot,10.85
4nuc_prot,6.04
4dst_prot,2.96
4b3c_prot,2.68
2evl_prot,6.7
3kdc_prot,9.28
5ewk_prot,4.85
2p7a_prot,6.1
5dhu_prot,6.3
3upk_prot,4.3
1k1i_prot,6.58
2avq_prot,4.39
1pvn_prot,9.82
3ebi_prot,7.1
3q6z_prot,3.72
3s54_prot,9.64
1r5y_prot,6.46
4cjq_prot,3.59
2zwz_prot,7.79
6p84_prot,4.81
5fns_prot,5.4
3wvm_prot,5.71
4f0c_prot,6.27
4q8y_prot,2.64
4l6t_prot,7.49
3uuo_prot,7.96
6ey9_prot,5.91
5kr0_prot,9.15
5iwg_prot,6.46
2e91_prot,6.59
1yej_prot,7.46
1nki_prot,6.7
5c1w_prot,5.06
2wnc_prot,6.32
3tf6_prot,6.4
5xpi_prot,5.28
3kku_prot,5.7
1bhx_prot,6.84
4mo8_prot,8.0
4q4r_prot,6.43
3n86_prot,5.64
5x54_prot,5.0
5z66_prot,6.69
3po6_prot,7.06
3ga5_prot,5.49
6i5g_prot,4.89
2ya8_prot,5.75
5ewy_prot,4.3
4lyw_prot,6.63
3su3_prot,9.13
2r75_prot,6.15
2yb0_prot,3.85
5fhm_prot,5.09
5fnt_prot,6.17
5nka_prot,5.46
6p83_prot,7.1
5ufs_prot,8.49
1o2n_prot,6.09
6ayo_prot,8.29
1dar_prot,4.96
4fsl_prot,7.7
6csp_prot,8.52
6g9x_prot,3.92
3w37_prot,5.18
6udt_prot,10.0
1pzp_prot,3.31
4f9y_prot,6.74
5g2b_prot,7.0
3b2q_prot,4.55
3su4_prot,6.26
1g48_prot,8.41
2xxt_prot,8.05
4keq_prot,3.82
4l50_prot,6.06
3up2_prot,7.4
4f3k_prot,10.16
3po1_prot,4.02
5aqz_prot,5.48
4hym_prot,8.22
5ito_prot,4.16
4gid_prot,10.77
2vwc_prot,6.62
2izl_prot,6.0
3mhm_prot,7.0
5e2o_prot,8.7
4lvt_prot,10.36
6dl2_prot,7.48
6qgf_prot,6.0
6cvf_prot,6.35
5ula_prot,7.11
3drf_prot,7.0
5ueu_prot,7.78
3b24_prot,4.38
6o0o_prot,7.44
5mrb_prot,6.33
4b33_prot,3.37
2r43_prot,6.0
2yaz_prot,5.14
4oc0_prot,6.5
2vxn_prot,5.0
2avm_prot,5.7
6rtw_prot,6.43
2ya6_prot,5.7
1ppk_prot,7.66
6ugr_prot,6.27
5m7s_prot,9.05
1t32_prot,7.42
4s1g_prot,9.22
5tuo_prot,6.49
3d8z_prot,3.37
6sbt_prot,6.78
6qav_prot,8.31
1yc1_prot,6.17
1dmp_prot,9.55
6as8_prot,7.05
1oxr_prot,5.19
1c1v_prot,7.64
1a28_prot,8.29
5nkh_prot,7.59
3usx_prot,5.02
1rpf_prot,3.99
3dx1_prot,3.58
3sv2_prot,4.19
5wex_prot,7.18
3kgp_prot,2.57
3cd0_prot,7.57
4dy6_prot,4.4
1tsy_prot,4.96
2ez7_prot,4.36
2pqc_prot,5.74
3vf5_prot,9.34
1vyf_prot,8.05
3u6i_prot,9.0
4nvp_prot,7.57
3gm0_prot,7.77
4q7s_prot,4.42
2x8z_prot,7.96
1pz5_prot,5.4
2g5u_prot,8.49
3ohi_prot,4.85
6qgh_prot,8.15
4ciw_prot,4.82
2wnj_prot,6.48
6r1a_prot,4.35
2a5b_prot,3.93
2vqt_prot,6.0
2vwm_prot,7.03
6euw_prot,7.77
2qm9_prot,7.77
3eko_prot,6.7
3mhc_prot,7.96
3l4u_prot,7.52
3rlq_prot,7.4
1ppl_prot,8.55
2flr_prot,6.1
2qbq_prot,7.44
2p7z_prot,6.58
5nn5_prot,5.47
3b4f_prot,8.14
1g46_prot,8.8
2ovy_prot,8.4
4b34_prot,3.14
3suv_prot,4.55
2epn_prot,7.22
1m48_prot,5.09
4ra1_prot,5.94
6epa_prot,5.95
4f9w_prot,6.94
4xas_prot,6.59
6sge_prot,7.51
6dif_prot,10.72
1m83_prot,3.4
4cj4_prot,3.36
3cd7_prot,7.84
3ibl_prot,7.84
5orh_prot,4.39
2gv6_prot,7.34
6czc_prot,4.78
1m1b_prot,4.66
4fz3_prot,3.73
3b7i_prot,5.82
5x62_prot,6.42
1k21_prot,8.38
4d3h_prot,6.43
1uj5_prot,3.05
3zlr_prot,9.26
3f78_prot,3.1
1jao_prot,5.92
1tkb_prot,8.0
4m13_prot,6.7
2uy3_prot,3.22
6mdu_prot,4.25
3wha_prot,9.32
1jys_prot,3.52
4a4w_prot,7.72
2fqx_prot,7.15
3i60_prot,8.7
3v2n_prot,6.1
5nzn_prot,3.66
3bl1_prot,5.6
1eoc_prot,6.05
1y20_prot,5.32
4uc5_prot,5.48
4mrw_prot,3.3
1hsl_prot,7.19
2cgf_prot,6.41
3qbc_prot,4.97
4tz2_prot,3.46
5var_prot,4.09
4baq_prot,9.01
3g35_prot,4.68
1kc7_prot,5.52
4cwr_prot,8.3
2ri9_prot,3.22
4or6_prot,5.31
5dyo_prot,10.21
3v7x_prot,8.57
5nya_prot,6.38
3k99_prot,7.22
3r4m_prot,5.92
4crc_prot,8.72
3isj_prot,3.68
5d0r_prot,6.37
6ftf_prot,8.1
4m8e_prot,7.89
1w4q_prot,5.26
4i8x_prot,2.64
5j64_prot,6.85
3hl8_prot,4.49
5std_prot,10.49
6s5k_prot,7.32
5kej_prot,5.11
1efy_prot,8.22
5ta4_prot,7.62
6plf_prot,6.67
3t8v_prot,6.59
2cn0_prot,7.66
1pkx_prot,6.92
5vb6_prot,6.37
6h1d_prot,5.6
4m14_prot,6.7
5gof_prot,4.05
2uy4_prot,4.68
4daf_prot,7.12
4ufh_prot,6.42
5tkj_prot,8.15
4gqq_prot,2.89
3r17_prot,6.41
4qf9_prot,4.43
5hz5_prot,7.07
2q6f_prot,5.44
5l9l_prot,7.1
4m2w_prot,7.28
1b57_prot,8.0
2brm_prot,5.89
5f9b_prot,4.26
3g32_prot,3.71
1phw_prot,3.3
1n0s_prot,7.45
1uwt_prot,5.97
3c56_prot,7.89
2vfk_prot,3.71
6poi_prot,3.49
6d16_prot,5.08
3ozg_prot,9.19
6upj_prot,6.32
1zhy_prot,6.52
4gq4_prot,7.66
3ouj_prot,6.05
1elb_prot,7.15
1d9i_prot,9.11
1rd4_prot,7.74
1xbo_prot,6.04
3k97_prot,8.0
2zjw_prot,7.7
5mes_prot,6.47
5d3t_prot,4.92
4nbn_prot,4.36
1kel_prot,7.28
1sr7_prot,10.1
6b4u_prot,7.68
3m35_prot,7.22
6n7d_prot,9.52
3i51_prot,7.7
4pp3_prot,7.82
6pi5_prot,6.96
4aqh_prot,6.54
4xya_prot,5.86
3ove_prot,6.57
2qpq_prot,6.37
3t83_prot,6.98
3mzc_prot,6.65
2uyq_prot,5.68
1sqt_prot,6.2
4ax9_prot,9.57
4qjw_prot,7.8
2wzs_prot,3.85
3i5z_prot,8.7
6maj_prot,7.47
5fsy_prot,5.89
1uw6_prot,7.34
6d18_prot,5.85
5fs5_prot,6.69
1xk9_prot,6.85
3cyx_prot,8.0
1b3l_prot,5.89
6j72_prot,6.13
2f7o_prot,7.44
3o9a_prot,10.7
5ut6_prot,4.24
2jxr_prot,7.05
4lhv_prot,10.0
5n31_prot,5.79
4qf7_prot,8.6
4nkt_prot,5.97
1y1z_prot,3.08
5nyh_prot,7.73
4er1_prot,6.62
2vo4_prot,4.94
1hvs_prot,10.3
6q3q_prot,4.45
1ele_prot,6.85
5cc2_prot,4.1
5jsg_prot,4.85
1fzk_prot,8.4
2rcn_prot,6.0
5zg0_prot,7.09
5zae_prot,6.81
6cdo_prot,8.97
1rnm_prot,3.07
4wov_prot,7.14
6md0_prot,5.9
3a5y_prot,7.96
3t84_prot,6.97
5kly_prot,7.21
4zzd_prot,6.6
3t70_prot,6.3
6rfw_prot,6.5
2xj1_prot,7.55
4nh7_prot,8.4
1u71_prot,7.48
4z0q_prot,8.17
1lyx_prot,4.54
3nee_prot,5.34
1b32_prot,7.1
1if7_prot,10.52
4tpw_prot,4.69
3e6y_prot,5.6
4zv1_prot,5.24
3bft_prot,6.49
6ma4_prot,7.35
4xu3_prot,9.5
4k18_prot,8.96
5aoj_prot,4.68
4v01_prot,8.11
5lz4_prot,5.7
1hpx_prot,11.26
2j2u_prot,7.33
6gnr_prot,5.44
1ejn_prot,5.62
3p2e_prot,6.22
5efj_prot,6.46
3ip5_prot,6.22
4yc0_prot,4.13
2rin_prot,4.0
3djo_prot,4.39
2fw6_prot,2.92
5vd3_prot,5.55
3oy8_prot,3.66
4kxn_prot,6.1
1b6h_prot,7.82
2wzf_prot,7.0
5mo8_prot,5.79
4ngm_prot,10.35
3o5x_prot,5.28
1sqa_prot,9.21
1nvq_prot,8.25
6qz5_prot,6.08
2hxm_prot,5.22
4m8y_prot,9.96
6ftz_prot,3.0
4lkk_prot,5.92
5h5f_prot,4.43
4xy8_prot,6.4
1gjc_prot,6.35
4qfn_prot,4.12
3ivg_prot,4.3
4cwn_prot,5.59
4dko_prot,6.52
5f61_prot,7.46
5ny1_prot,6.44
6jtc_prot,5.07
5u8c_prot,7.53
6ma3_prot,8.3
1mfa_prot,5.04
5u12_prot,5.07
4bam_prot,8.94
6d1a_prot,4.35
4qij_prot,5.54
1tnh_prot,3.37
2gkl_prot,5.35
4ddk_prot,2.29
6qpl_prot,7.04
4ew2_prot,6.68
1mjj_prot,8.74
2j7d_prot,7.13
4fm7_prot,7.24
4aq6_prot,4.8
2d1n_prot,8.15
1ai7_prot,4.09
1j36_prot,7.74
3p8p_prot,4.55
4psb_prot,4.64
3k37_prot,8.92
6pl1_prot,7.65
1bzc_prot,4.92
5alb_prot,10.71
2w08_prot,3.42
6hr2_prot,7.0
4zzx_prot,6.9
4pzv_prot,5.7
6htg_prot,7.17
5b5f_prot,5.25
4g8y_prot,4.59
4lm0_prot,3.25
5eek_prot,9.1
6ckw_prot,9.08
2xc0_prot,6.72
1tmn_prot,7.3
1cet_prot,2.89
1h6h_prot,5.3
6b7a_prot,4.49
3fcq_prot,2.77
1sqo_prot,7.46
1q84_prot,11.05
4exs_prot,4.41
3be9_prot,7.62
1bzj_prot,4.66
4c1y_prot,3.6
5ii2_prot,4.89
1lpk_prot,7.55
1fv0_prot,5.93
1iiq_prot,7.48
5meh_prot,6.32
2j27_prot,3.52
1hpv_prot,9.22
2h15_prot,5.67
2ypi_prot,4.82
1s89_prot,5.24
5tbe_prot,8.97
4c2v_prot,9.0
1ec1_prot,8.92
6d1h_prot,3.72
1uwf_prot,6.82
6gga_prot,4.85
3hf8_prot,6.51
1d6v_prot,6.17
6b4n_prot,10.55
3ffg_prot,9.08
5bs4_prot,11.0
3r88_prot,4.82
2wyg_prot,8.7
1b5i_prot,7.05
4db7_prot,6.56
2zcq_prot,8.82
1utn_prot,3.49
6rih_prot,3.98
3rwp_prot,9.22
1n3i_prot,8.89
4rpn_prot,6.96
3lea_prot,9.1
6nw3_prot,7.66
4x5q_prot,9.0
5xmx_prot,7.24
6q60_prot,5.71
1oif_prot,7.72
5j6m_prot,8.57
4mre_prot,2.19
6j7e_prot,5.04
1srg_prot,5.3
4rux_prot,7.92
6ggf_prot,5.39
5vgy_prot,4.18
3ozr_prot,5.15
3gy2_prot,5.74
5nvw_prot,6.77
4erf_prot,9.4
1hvh_prot,7.96
3t2q_prot,3.66
3a9i_prot,4.15
1lvu_prot,5.32
2xii_prot,7.2
5efc_prot,4.85
4lhm_prot,3.39
5d3h_prot,5.1
4nku_prot,4.67
4ara_prot,6.05
2vo5_prot,4.89
1hvr_prot,9.51
1eld_prot,6.7
1s19_prot,9.51
6d19_prot,6.61
4pp5_prot,7.74
6n7b_prot,9.22
3i3b_prot,2.23
5fsx_prot,2.72
1b58_prot,6.59
2brb_prot,4.86
5qqp_prot,8.28
4mr3_prot,5.94
5nzf_prot,4.03
1q7a_prot,7.19
4i8w_prot,10.9
4jn2_prot,11.68
3hl7_prot,7.64
4crl_prot,9.71
3kv2_prot,7.32
3czv_prot,7.8
1afk_prot,6.62
1fzj_prot,8.1
5zg1_prot,7.72
3t85_prot,7.95
5ioz_prot,4.96
3k5v_prot,6.3
1stc_prot,8.1
3m3x_prot,6.82
5hu9_prot,7.62
1d09_prot,7.57
1jzs_prot,6.6
4zvi_prot,6.33
1bv7_prot,10.3
1gi4_prot,7.19
1elc_prot,6.66
2f7i_prot,7.1
1dud_prot,4.82
3liw_prot,7.6
2fqw_prot,6.68
4wop_prot,4.76
4hdf_prot,8.49
2vc9_prot,8.44
6md6_prot,5.1
3t82_prot,7.0
6idg_prot,6.66
1fzm_prot,7.7
1afl_prot,6.28
1yq7_prot,7.09
2xj7_prot,6.66
1u1b_prot,7.8
4qer_prot,7.54
4r5b_prot,6.73
1np0_prot,3.57
6ht1_prot,7.11
3udh_prot,2.85
2ihj_prot,4.59
1bzy_prot,8.34
4ujb_prot,8.0
5vb7_prot,6.72
4i71_prot,7.74
1met_prot,9.4
1xh9_prot,7.77
4a4q_prot,9.4
3k5x_prot,6.41
5zaj_prot,7.38
4e4l_prot,8.77
6b1k_prot,6.67
5hvs_prot,7.15
3le9_prot,8.22
2zft_prot,6.52
2uy5_prot,5.49
4ngp_prot,7.96
6nwk_prot,7.7
1w4p_prot,4.74
5d6j_prot,4.44
4nh8_prot,8.52
2pog_prot,9.54
4crb_prot,7.57
6mkw_prot,4.77
4gr3_prot,7.81
2vl4_prot,6.01
2bt9_prot,6.19
3nex_prot,6.0
3cyw_prot,7.77
5eis_prot,5.74
4m2v_prot,7.44
6d17_prot,4.82
5ko5_prot,4.57
4ha5_prot,7.24
1uwu_prot,5.98
2cbv_prot,5.48
4ufi_prot,6.2
5tkk_prot,8.28
4gqp_prot,9.6
4fnn_prot,7.57
4cwt_prot,6.75
1qxl_prot,7.96
2oag_prot,8.47
3r16_prot,7.3
4iwz_prot,7.29
4qf8_prot,7.51
1ajn_prot,2.63
1alw_prot,6.52
3t1m_prot,3.04
2j75_prot,6.65
3bl0_prot,6.92
4owm_prot,2.96
3evd_prot,6.91
1pdz_prot,3.7
4g8m_prot,7.89
6nwl_prot,7.37
4lkq_prot,3.35
5zni_prot,4.39
3p7i_prot,7.7
2zfs_prot,6.54
4m12_prot,6.05
4qjx_prot,7.28
3vw2_prot,4.75
5hvt_prot,7.26
3g0w_prot,9.52
6h77_prot,7.33
4kx8_prot,7.13
2fqy_prot,6.57
1mes_prot,7.7
5ta2_prot,7.96
4a4v_prot,6.54
5u49_prot,6.14
6md8_prot,2.38
2am4_prot,3.72
3o9i_prot,11.82
2ogy_prot,4.48
4dkr_prot,6.52
4x6m_prot,8.24
4r06_prot,6.29
4cws_prot,7.92
1qxk_prot,5.05
6q3y_prot,7.27
1bv9_prot,9.96
5w44_prot,6.44
1lyb_prot,11.42
1b51_prot,7.37
5xg5_prot,3.48
3g34_prot,2.96
4x5p_prot,8.21
4z0k_prot,6.34
5ect_prot,5.28
4fm8_prot,5.97
2xjg_prot,7.82
4jh0_prot,9.03
2fxv_prot,5.35
3gsm_prot,6.48
2vj8_prot,8.7
4jne_prot,5.86
1pbq_prot,6.27
3muz_prot,3.46
5j6l_prot,7.89
4rpo_prot,7.64
5duw_prot,3.29
1uto_prot,2.27
3i6o_prot,10.35
3oy0_prot,8.0
2dri_prot,6.89
4k4j_prot,6.12
1fzq_prot,7.62
3m6r_prot,7.49
5n99_prot,4.21
6nxz_prot,5.46
2bqv_prot,8.05
1b05_prot,7.12
3g0e_prot,7.7
2qu6_prot,8.52
5vh0_prot,4.52
1hvi_prot,10.92
2ypo_prot,4.68
1zgi_prot,5.34
1aj7_prot,3.87
3ipq_prot,7.57
1fpc_prot,7.0
1tng_prot,2.93
3myq_prot,7.52
3gy3_prot,5.63
5nvv_prot,6.7
5fsc_prot,2.36
6pid_prot,4.54
4ruy_prot,7.89
5w2s_prot,7.33
3ozs_prot,5.33
5elw_prot,7.85
5hva_prot,7.07
4tun_prot,5.41
5n9r_prot,5.59
5fpk_prot,3.55
2h4n_prot,8.7
5b5g_prot,5.25
4zzy_prot,5.6
2cgr_prot,7.28
3nox_prot,8.66
2pou_prot,7.42
5f5z_prot,7.07
4lm1_prot,3.23
3ozt_prot,4.13
1mfi_prot,5.59
1d6w_prot,5.96
1ec0_prot,8.49
3gy4_prot,5.1
4uof_prot,4.84
6d1i_prot,4.09
3k00_prot,5.77
3wmc_prot,6.51
2wyf_prot,4.43
1b5h_prot,6.01
1if8_prot,9.64
3m3c_prot,4.06
3sm2_prot,9.7
1j01_prot,6.47
1kjr_prot,6.06
4cwf_prot,4.49
5d3n_prot,5.04
4p58_prot,4.6
3t2w_prot,7.46
1ec9_prot,3.1
3zqe_prot,4.23
5tbm_prot,7.31
1f3e_prot,6.7
1xka_prot,6.88
5nvx_prot,7.05
5fut_prot,6.45
6ma2_prot,5.39
5u13_prot,5.41
5aol_prot,2.32
5wxh_prot,6.15
1tni_prot,4.0
6chp_prot,10.12
1duv_prot,11.8
5f60_prot,7.37
5zkc_prot,8.19
4dmw_prot,4.94
4qfo_prot,4.27
1ii5_prot,6.62
1w11_prot,8.22
4cwo_prot,5.21
3o99_prot,10.82
5ie1_prot,6.85
3gv9_prot,2.12
6hqy_prot,6.44
3gvu_prot,8.0
1sw2_prot,7.22
5jss_prot,6.45
3sha_prot,5.59
1j37_prot,8.96
4ql1_prot,7.03
1lzq_prot,8.39
4hbm_prot,7.92
2ihq_prot,8.49
6d2o_prot,5.3
6en5_prot,7.94
2j7e_prot,7.32
2w9h_prot,6.37
4ew3_prot,6.74
2h4g_prot,6.52
2d1o_prot,7.7
5n0f_prot,6.05
1b9j_prot,5.96
1td7_prot,4.37
5zhl_prot,6.72
4cr5_prot,4.15
6ghj_prot,2.16
2cbj_prot,8.27
3mv0_prot,3.85
5afv_prot,5.59
5tmn_prot,8.04
1olx_prot,4.33
5lz5_prot,6.35
5qtt_prot,8.47
4gql_prot,9.59
1hp5_prot,6.55
4p5z_prot,7.41
2rio_prot,4.69
4r0a_prot,4.26
2pcp_prot,8.7
1nz7_prot,7.12
4ddm_prot,2.46
4xu2_prot,9.23
6ma5_prot,8.1
3bfu_prot,6.27
5u14_prot,5.34
1f57_prot,5.64
4bak_prot,8.91
4uoh_prot,4.77
6d1g_prot,4.47
4m8x_prot,10.2
3r4p_prot,7.96
5jzi_prot,4.8
4g8v_prot,5.8
1koj_prot,6.7
1u1w_prot,5.85
4x5y_prot,8.03
4owv_prot,4.35
5fyx_prot,4.16
4ucc_prot,4.32
6hrq_prot,7.09
5th4_prot,2.85
3ubd_prot,5.54
2j7b_prot,6.62
3hcm_prot,3.3
1q8w_prot,5.24
5vd2_prot,7.1
4uj2_prot,7.1
5lvr_prot,3.6
6f1j_prot,4.62
4na9_prot,7.39
2xej_prot,8.87
3m67_prot,6.74
3qkd_prot,8.38
6ibk_prot,3.29
4z93_prot,7.35
1ie9_prot,10.19
4bi7_prot,4.58
6n95_prot,5.12
2h6b_prot,5.39
5dx4_prot,6.86
1okl_prot,6.03
3iqu_prot,4.77
5d48_prot,7.52
4qge_prot,9.3
1qy1_prot,6.52
3ddg_prot,6.0
6dz3_prot,8.89
6st0_prot,5.13
6h37_prot,8.59
4azc_prot,5.86
4i5c_prot,8.82
4i3z_prot,4.29
5dqe_prot,3.63
3ui7_prot,9.0
4avh_prot,7.23
3kwa_prot,4.08
5mge_prot,4.06
2uwl_prot,8.4
4x48_prot,6.77
4ygf_prot,7.68
4flp_prot,6.72
2rkm_prot,3.9
4css_prot,8.46
1onz_prot,5.1
6eij_prot,5.77
1jqy_prot,4.92
6mjf_prot,5.16
3t6b_prot,6.36
3hk1_prot,6.17
3c8a_prot,6.18
4i9h_prot,7.17
4bj8_prot,8.29
6hza_prot,9.3
1ogg_prot,5.19
6rnt_prot,2.37
5yz2_prot,4.95
6d50_prot,5.05
4rqk_prot,5.82
2za0_prot,6.64
1h1s_prot,8.22
5ekm_prot,6.32
1ws4_prot,3.0
4pqa_prot,5.55
3gx0_prot,3.48
4je8_prot,5.21
3ru1_prot,4.85
6fyz_prot,7.41
6nzv_prot,10.17
2q7q_prot,5.3
3qox_prot,6.57
2zdm_prot,6.41
3slz_prot,6.99
4ykj_prot,4.43
6dzx_prot,5.46
4o0b_prot,8.3
4lov_prot,7.77
4cp7_prot,8.11
3r6u_prot,4.52
2q89_prot,6.3
3o84_prot,7.24
5f1h_prot,7.85
3zyu_prot,7.0
3rz5_prot,7.89
6pgc_prot,5.35
6dyw_prot,10.44
3dgo_prot,6.74
1q91_prot,4.15
1d2e_prot,6.0
4bcn_prot,7.92
4gzt_prot,7.77
3uew_prot,6.31
1q65_prot,5.46
3ryv_prot,7.07
6mja_prot,7.85
5ma7_prot,3.47
8a3h_prot,4.06
2xm1_prot,5.07
2oc2_prot,8.52
3m8u_prot,4.89
4cst_prot,8.89
6cjr_prot,9.52
4g90_prot,4.51
2xbp_prot,5.02
2ojj_prot,8.7
4m0f_prot,8.77
3i7e_prot,10.85
5sz2_prot,8.7
5amg_prot,8.22
1zc9_prot,3.22
3t09_prot,3.8
4msn_prot,4.03
2vk2_prot,6.89
1lrh_prot,6.82
5mgk_prot,4.0
4llp_prot,4.8
4r4t_prot,6.26
4fl2_prot,3.66
5y94_prot,6.79
1b8n_prot,10.52
2d0k_prot,5.02
5kh3_prot,4.22
1rjk_prot,10.0
4wkp_prot,9.55
6n0j_prot,5.37
5nw0_prot,6.52
5dwr_prot,11.22
6eeo_prot,6.43
3wjw_prot,3.87
1n1m_prot,5.7
1f4x_prot,5.59
5cks_prot,5.51
1tom_prot,8.3
2hs1_prot,8.48
2zb1_prot,6.32
2glp_prot,5.01
3o7u_prot,7.28
6ajv_prot,5.04
4cpr_prot,7.46
4o9v_prot,8.0
3arw_prot,6.15
5f74_prot,5.12
4nl1_prot,3.89
3p3g_prot,9.74
1drk_prot,6.82
2b07_prot,6.43
5kab_prot,4.68
3r5t_prot,8.58
2rkd_prot,2.72
4sga_prot,7.3
1mmq_prot,7.52
5ti0_prot,4.21
5j1x_prot,5.52
5ad1_prot,7.24
3ryx_prot,8.14
3hkt_prot,5.39
2nsj_prot,4.79
5ih9_prot,8.7
1ro6_prot,6.46
5tfx_prot,7.22
4umc_prot,3.44
5sz5_prot,7.7
6dyy_prot,10.55
4o3c_prot,2.59
4kyk_prot,4.74
1ypj_prot,7.02
2xbw_prot,8.0
5n84_prot,7.96
4dff_prot,7.46
4zx0_prot,8.0
1q54_prot,5.85
5h1u_prot,3.51
5xo7_prot,6.36
4yb5_prot,4.71
4ivb_prot,8.72
4ksy_prot,8.42
3arp_prot,7.15
3nb5_prot,7.74
4e67_prot,6.48
4x8v_prot,6.89
4xtz_prot,9.82
4hf4_prot,8.62
4c5d_prot,5.4
4zwx_prot,8.7
5nw7_prot,5.77
2b9a_prot,8.05
3bgq_prot,7.96
1uz8_prot,4.96
3ryj_prot,7.8
1y3p_prot,4.82
6eiq_prot,6.42
2w8y_prot,9.09
6np4_prot,4.44
5mg2_prot,7.77
4avs_prot,3.49
4fev_prot,5.42
5lwd_prot,6.24
6d5g_prot,6.6
1usi_prot,6.74
5n24_prot,8.92
4ase_prot,11.0
3qfy_prot,6.12
1szd_prot,4.54
4ipi_prot,5.32
3p3r_prot,7.25
4ybk_prot,7.82
5oaj_prot,6.56
3iww_prot,7.96
6pg3_prot,3.32
6ej2_prot,7.8
5nwi_prot,6.16
1upf_prot,4.6
4i54_prot,6.96
3rsx_prot,4.41
1gaf_prot,8.0
3bgc_prot,5.02
3dd0_prot,9.0
5btx_prot,3.55
5eh5_prot,5.87
1usn_prot,7.74
6n3w_prot,5.81
5vcv_prot,6.82
4ayp_prot,6.12
2y7i_prot,5.54
1aaq_prot,8.4
4g0z_prot,2.21
1tlp_prot,7.55
2bys_prot,9.52
2uwp_prot,6.81
6fuj_prot,4.3
6np3_prot,6.47
6b97_prot,6.63
1ftm_prot,7.61
5cas_prot,8.85
5ia1_prot,6.28
4ovg_prot,3.69
6gj8_prot,5.87
4kzq_prot,6.1
4o0y_prot,7.22
4de0_prot,5.89
4ymh_prot,6.46
1w9v_prot,6.34
5eng_prot,5.85
4o05_prot,7.43
5mkr_prot,4.77
1od8_prot,5.1
4wkb_prot,11.57
2yxj_prot,9.3
4a6s_prot,5.2
3c2o_prot,3.35
3zps_prot,8.3
5khm_prot,8.3
1zfq_prot,7.52
3gqz_prot,2.17
2cc7_prot,8.01
6pg4_prot,3.59
5vo1_prot,8.15
4k9y_prot,6.95
1cnx_prot,7.37
4djx_prot,7.23
3p5l_prot,7.39
4ipn_prot,3.39
4deu_prot,5.64
1igb_prot,6.4
5ehw_prot,3.0
4kz4_prot,4.15
4tqn_prot,6.11
5btv_prot,3.85
2oi2_prot,6.3
5ohy_prot,5.17
1cgl_prot,6.87
1bxr_prot,3.4
3a1d_prot,4.12
4unp_prot,3.23
1zoe_prot,7.4
3k1j_prot,6.4
3c2f_prot,2.0
2vhj_prot,3.9
4ua8_prot,6.26
4euo_prot,5.05
6n9l_prot,6.7
4djq_prot,10.32
3iw5_prot,6.08
5d24_prot,5.24
2fpz_prot,3.96
5vc3_prot,7.11
1b1h_prot,7.03
1kav_prot,5.82
6qr1_prot,5.07
3ldq_prot,5.36
6ced_prot,5.82
5jt9_prot,6.63
5f2u_prot,8.43
6dpx_prot,5.89
5uv2_prot,4.4
4ish_prot,8.72
4x24_prot,9.78
4r4o_prot,5.82
4llk_prot,3.0
4epy_prot,3.47
4mul_prot,6.21
2qwd_prot,4.85
5igm_prot,7.38
6s4n_prot,6.79
6mlj_prot,7.26
3c88_prot,6.8
2w8w_prot,2.12
1bty_prot,4.74
6dsp_prot,6.09
4djv_prot,6.72
6kjd_prot,5.05
5vij_prot,7.61
2vnt_prot,8.0
6eln_prot,6.05
5cbr_prot,5.74
4a95_prot,5.76
5ant_prot,6.36
5sym_prot,6.55
2w47_prot,4.98
6oe1_prot,8.51
3a1c_prot,4.0
5u0g_prot,4.58
4twp_prot,10.0
4der_prot,6.31
2buv_prot,4.0
5oh2_prot,4.24
6qqu_prot,5.3
1h4w_prot,4.66
5mme_prot,5.85
4kz3_prot,2.77
3e12_prot,5.99
4gue_prot,5.24
6gj6_prot,4.7
1uz1_prot,6.89
2qwc_prot,3.55
3own_prot,7.47
2y8c_prot,6.4
1w3j_prot,6.32
3tz0_prot,5.04
4non_prot,5.24
6fs1_prot,7.01
5f2r_prot,4.28
3lmk_prot,5.94
2uxz_prot,8.48
4lch_prot,10.62
4leq_prot,6.54
2xd9_prot,6.46
5vc4_prot,7.36
5am7_prot,7.19
2j95_prot,8.4
6n3y_prot,5.44
5lwm_prot,8.87
5j82_prot,6.0
2fvd_prot,8.52
1d4i_prot,8.85
5km9_prot,4.25
4umb_prot,4.0
5sz4_prot,9.7
3bbf_prot,5.28
2xbv_prot,8.43
6nyv_prot,6.51
4dfg_prot,11.74
4tte_prot,3.69
4isu_prot,3.68
1ikt_prot,3.4
2uwd_prot,8.35
5upz_prot,9.2
2rke_prot,4.08
3sfg_prot,6.06
3ryy_prot,7.42
2w8j_prot,2.96
3hku_prot,8.3
3v3q_prot,6.6
3uex_prot,6.92
1h2t_prot,7.89
3fat_prot,7.64
5ahw_prot,5.17
1ebw_prot,9.05
4je7_prot,6.4
2clk_prot,3.79
1bxo_prot,10.0
4zw5_prot,4.43
4k6i_prot,6.2
5h1t_prot,3.8
1om1_prot,6.77
4zx1_prot,6.14
1y0l_prot,9.0
5kad_prot,4.43
4cpt_prot,7.7
3arq_prot,6.4
6nu1_prot,4.51
4loy_prot,8.09
4ivc_prot,10.0
4ks4_prot,7.14
2q8z_prot,5.68
6f9u_prot,5.13
4muv_prot,5.76
1br6_prot,3.22
6mlp_prot,3.7
6mji_prot,7.29
6s4t_prot,7.95
2vmf_prot,5.85
3t08_prot,3.04
6nv9_prot,8.19
1b8o_prot,10.64
2y82_prot,8.4
3tza_prot,5.5
5mgj_prot,4.29
4ljh_prot,4.71
4yhm_prot,9.76
5bwc_prot,7.21
6u8o_prot,6.54
2y7z_prot,8.7
2bvd_prot,6.0
1n46_prot,10.52
2nsl_prot,4.68
4jfs_prot,5.27
3zso_prot,5.12
5sz3_prot,8.6
5oa2_prot,5.01
1nt1_prot,8.89
3o8p_prot,6.46
4ivd_prot,9.52
1drj_prot,7.4
4cps_prot,8.27
4o9w_prot,7.16
5d47_prot,7.0
3kr4_prot,7.6
4r76_prot,7.85
6d9x_prot,3.49
1y6r_prot,10.11
2ceq_prot,7.28
1xjd_prot,9.48
5u0z_prot,6.19
1gar_prot,10.0
5ime_prot,8.34
6n0k_prot,5.07
5nw1_prot,6.6
3fas_prot,6.77
5jq5_prot,5.63
6h38_prot,8.11
5wp5_prot,5.34
4cpz_prot,7.68
2q88_prot,5.8
3qfd_prot,4.17
3nkk_prot,4.7
2cex_prot,4.7
6pgb_prot,4.6
4eu0_prot,6.4
5nxp_prot,7.99
5j2x_prot,7.74
5h8g_prot,10.32
1eby_prot,9.7
4ezx_prot,5.8
5dqc_prot,7.34
3uod_prot,7.31
2cle_prot,3.55
3c2u_prot,2.9
2aog_prot,6.28
3i4b_prot,8.15
5u6j_prot,7.64
2zdl_prot,6.4
4ykk_prot,2.77
3tvc_prot,7.74
1j14_prot,4.49
1xff_prot,4.82
5kbe_prot,6.34
4v24_prot,8.37
6f90_prot,6.0
3t01_prot,4.48
3uev_prot,5.89
6gjn_prot,6.22
1s5z_prot,3.21
4cs9_prot,2.1
1nw7_prot,5.09
6cjs_prot,9.7
4kp5_prot,6.08
4llx_prot,2.89
6j3p_prot,6.98
2xbx_prot,7.82
2xda_prot,6.22
6dyv_prot,10.59
1ype_prot,8.1
4bco_prot,6.88
5kma_prot,4.71
6d56_prot,8.05
1f73_prot,2.39
4o61_prot,4.3
6dz2_prot,8.85
4azb_prot,7.24
6h36_prot,9.35
5htl_prot,6.3
3ddf_prot,4.66
2zdk_prot,6.37
1odi_prot,4.21
4k0y_prot,7.82
4und_prot,8.96
1eb2_prot,6.01
4hfp_prot,7.38
3c2r_prot,3.11
2j34_prot,7.82
5nxw_prot,7.24
1bwb_prot,8.42
4bi6_prot,3.95
3k8c_prot,2.92
4mpn_prot,6.62
3t3u_prot,8.6
6pge_prot,3.62
2bza_prot,2.8
2wq5_prot,3.74
2xhm_prot,6.8
6iiu_prot,7.96
6ajy_prot,5.28
3arx_prot,5.33
4qgd_prot,7.43
6fv4_prot,2.92
1f74_prot,3.05
3rv8_prot,4.92
1egh_prot,5.7
5j8m_prot,6.8
3uj9_prot,4.63
2q2a_prot,7.41
2uxi_prot,7.3
5om7_prot,5.74
6nv7_prot,7.92
4qdk_prot,5.85
4ll3_prot,11.57
3lka_prot,2.82
4app_prot,7.19
4avi_prot,7.63
4iue_prot,6.55
4msa_prot,3.3
6gji_prot,3.87
1enu_prot,5.08
6oe0_prot,8.92
5u0f_prot,5.47
1f4e_prot,2.96
4c52_prot,5.68
3ppr_prot,2.82
5anu_prot,9.4
5oh3_prot,3.87
4e0x_prot,7.12
4des_prot,5.85
5ehq_prot,10.48
1ssq_prot,6.0
2xab_prot,9.27
3dd8_prot,7.85
4ymg_prot,4.68
4djw_prot,6.28
5egu_prot,5.85
1drv_prot,6.54
6j9w_prot,5.13
1cnw_prot,7.72
6elo_prot,6.29
5cbs_prot,5.41
6q4e_prot,3.46
3k8q_prot,11.28
6qr7_prot,7.15
2rd6_prot,8.3
3si4_prot,3.88
4tt2_prot,4.66
6n3x_prot,5.09
1d4h_prot,10.0
5vcy_prot,6.57
3ps1_prot,10.17
3exe_prot,6.96
5am6_prot,6.73
2j94_prot,6.27
6ei5_prot,7.42
4mss_prot,6.4
6glb_prot,6.89
2qwb_prot,2.74
3gtc_prot,2.35
1y3x_prot,5.14
4ovh_prot,4.85
3hkn_prot,5.35
6mll_prot,3.62
6fs0_prot,9.77
4lj8_prot,5.82
6b98_prot,4.65
4r4i_prot,6.27
1w3k_prot,4.3
2cej_prot,8.62
1gnm_prot,6.25
5kax_prot,6.11
3zyf_prot,4.85
5d25_prot,6.3
4djp_prot,10.55
4asj_prot,7.55
5oh4_prot,4.55
1ado_prot,6.0
4det_prot,5.68
5ehv_prot,3.08
3g2z_prot,2.36
1wur_prot,6.66
3a1e_prot,2.66
1gai_prot,8.0
3lk8_prot,7.71
4isi_prot,8.14
4llj_prot,3.42
1w3l_prot,6.28
6dpy_prot,4.1
5upf_prot,8.6
6hsh_prot,7.55
3c89_prot,6.07
3v5t_prot,8.22
3hmp_prot,5.49
6eog_prot,5.8
1l8g_prot,6.22
2qwe_prot,7.48
6d3q_prot,8.47
6d5h_prot,6.92
3i73_prot,5.49
5ihh_prot,6.41
5hwv_prot,5.07
5bw4_prot,4.17
3si3_prot,4.16
6qr0_prot,6.92
3g19_prot,6.67
3ldp_prot,5.62
1u0g_prot,6.15
6np2_prot,6.8
6b96_prot,7.84
1vfn_prot,5.6
2byr_prot,8.55
5l2s_prot,7.08
5l4j_prot,4.28
3v51_prot,8.55
6f9g_prot,5.7
6mj7_prot,2.82
4i9u_prot,3.86
5ia0_prot,6.73
1y3v_prot,5.64
4ovf_prot,4.13
2vkm_prot,8.74
6n3v_prot,5.61
4rqv_prot,5.05
5vcw_prot,5.96
1n4h_prot,6.55
1ogz_prot,5.85
6qr9_prot,6.72
2zgx_prot,6.74
4czs_prot,5.0
4ayq_prot,7.33
3qlm_prot,6.37
6pg5_prot,4.96
3ery_prot,5.66
5l7e_prot,6.6
4djy_prot,8.27
6j9y_prot,5.07
3p3t_prot,7.24
1cny_prot,7.85
5f1r_prot,6.0
5mks_prot,4.77
6qqz_prot,6.74
1igj_prot,10.0
5l8a_prot,4.91
4o04_prot,6.16
6cfc_prot,3.68
6b5q_prot,8.24
2xg9_prot,4.15
4o0x_prot,7.17
4de1_prot,5.96
3i4y_prot,7.05
1d7i_prot,3.6
4m0r_prot,5.21
1j4r_prot,7.72
4few_prot,5.21
4bcs_prot,6.99
5kby_prot,8.82
5cau_prot,8.8
3t64_prot,6.7
6mle_prot,9.0
6gjr_prot,3.74
5od1_prot,5.96
5l4m_prot,5.34
6np5_prot,4.57
1mai_prot,6.68
3bgb_prot,6.05
4ozj_prot,5.4
3uo4_prot,6.52
3zpu_prot,8.38
6h5x_prot,10.82
4az5_prot,5.99
4qnb_prot,6.59
1b2h_prot,4.54
2oiq_prot,5.0
5wyx_prot,6.66
1qyg_prot,6.85
2zmm_prot,7.6
5jxq_prot,8.15
2pk6_prot,10.89
3fh7_prot,7.6
2bz6_prot,7.09
6nsv_prot,7.8
5n25_prot,7.78
3p3s_prot,7.59
2q8h_prot,3.0
4asd_prot,9.28
2fzg_prot,3.38
5j41_prot,3.7
6ej3_prot,5.93
1ghz_prot,4.8
1q5k_prot,7.42
2jgs_prot,6.62
3fv2_prot,8.11
3lpi_prot,8.52
6gw4_prot,5.92
3juo_prot,5.07
4mnp_prot,7.34
1jet_prot,7.25
5fl4_prot,7.0
4d1j_prot,6.31
4zow_prot,4.12
1xt8_prot,6.85
2r59_prot,8.19
4abe_prot,3.4
3h30_prot,4.53
6e7r_prot,6.83
3qw5_prot,6.45
6oqb_prot,10.3
4y59_prot,5.24
4gkh_prot,4.67
3hub_prot,8.09
3pb9_prot,6.58
5twj_prot,5.25
4btk_prot,6.62
1qbt_prot,10.62
1apv_prot,9.0
1z1h_prot,8.4
5boj_prot,7.0
5ose_prot,3.17
2hnc_prot,7.22
3sw8_prot,4.5
3qtv_prot,4.65
1m0o_prot,2.31
4ibf_prot,4.43
1rql_prot,2.75
2p3a_prot,7.96
5ivc_prot,5.92
5qa8_prot,3.77
5o9p_prot,5.09
4zl4_prot,7.86
5gsa_prot,7.09
3h5b_prot,10.0
6e7u_prot,6.92
4ysl_prot,5.8
4abb_prot,4.51
4w9j_prot,6.23
5evz_prot,6.57
5ov8_prot,4.74
3s78_prot,6.47
6hhr_prot,7.01
1gvx_prot,7.22
4gny_prot,4.22
6py0_prot,6.41
3hvj_prot,8.7
1ugx_prot,5.91
1kui_prot,3.77
3lvw_prot,2.67
3nu9_prot,9.05
1loq_prot,3.7
2p53_prot,7.46
3gcu_prot,6.78
3d50_prot,4.77
3tmk_prot,6.87
6qlp_prot,5.28
2zy1_prot,7.4
4ag8_prot,8.96
1o3j_prot,6.77
2wer_prot,7.05
6o48_prot,7.12
1ttm_prot,7.35
3npc_prot,8.34
4u6c_prot,5.0
1qbs_prot,9.47
5nea_prot,10.3
4zeb_prot,6.52
6i17_prot,6.6
3bzf_prot,4.52
4xo8_prot,8.96
3lzu_prot,10.06
1izi_prot,6.59
5his_prot,4.71
4knn_prot,7.78
5my8_prot,7.14
1qb6_prot,6.06
3oim_prot,6.74
1v2w_prot,4.01
4zek_prot,5.66
4pee_prot,8.32
5g5v_prot,6.7
3pb7_prot,5.74
1m5w_prot,4.27
4w9c_prot,4.65
3acl_prot,6.22
2jh5_prot,6.44
2nn1_prot,5.82
4pow_prot,6.3
4pin_prot,5.4
4zo5_prot,9.82
4rlu_prot,4.82
5ya5_prot,6.72
3rdo_prot,9.85
4bqs_prot,4.21
2sim_prot,3.42
4ghi_prot,7.09
2vvn_prot,7.3
4emr_prot,7.49
1v7a_prot,8.01
3el9_prot,8.4
2o4r_prot,9.4
3s71_prot,8.64
5izf_prot,9.74
6fnq_prot,4.59
3iod_prot,4.1
1njc_prot,5.55
4ih6_prot,4.74
2x95_prot,4.95
2r9w_prot,5.1
1msn_prot,9.09
2jdu_prot,6.72
1qb1_prot,6.77
1p1o_prot,5.76
4kni_prot,7.78
3td4_prot,5.66
3u8n_prot,10.17
5mpn_prot,7.07
4cd4_prot,6.58
1fcz_prot,9.22
4b7j_prot,7.95
1o3d_prot,7.13
5osl_prot,3.43
6ql2_prot,7.77
5o9y_prot,5.34
4ea2_prot,6.44
1oyq_prot,6.96
6bdy_prot,5.69
1kug_prot,3.8
3ioc_prot,3.68
1njd_prot,5.57
3qxt_prot,5.22
2oxy_prot,6.52
3vd9_prot,4.0
3s76_prot,5.05
3q44_prot,6.31
6ets_prot,5.64
4l4v_prot,5.78
6pvv_prot,5.85
4mgd_prot,4.69
3rm9_prot,4.77
1c5c_prot,6.96
4pop_prot,8.13
3wto_prot,6.92
5flq_prot,2.97
5ev8_prot,5.22
6r9x_prot,2.96
2ews_prot,6.62
3str_prot,8.4
1g52_prot,9.54
4w9d_prot,4.99
2bmk_prot,5.62
4lxz_prot,6.74
1azm_prot,6.1
2pvk_prot,8.3
4u0f_prot,5.92
1qbo_prot,7.74
2i4w_prot,11.59
6eqw_prot,10.65
4ht2_prot,6.54
2e7f_prot,6.1
2fgv_prot,6.12
1mue_prot,8.64
4rfr_prot,6.54
6exj_prot,4.33
1bcu_prot,3.28
5fol_prot,3.67
5aut_prot,5.17
4riv_prot,7.0
3uri_prot,9.0
5os2_prot,2.74
3cct_prot,7.56
6e23_prot,10.0
4b74_prot,7.66
4j48_prot,5.62
3fzn_prot,4.01
1fch_prot,7.15
2hnx_prot,7.08
1v1m_prot,3.94
1hii_prot,7.28
2e2p_prot,4.74
4q3t_prot,6.48
1jlr_prot,3.33
1t4v_prot,7.68
3ta0_prot,3.47
5umy_prot,6.97
5hct_prot,7.6
3ifl_prot,8.08
2ewa_prot,7.94
6g2r_prot,9.46
2i80_prot,5.4
5ljt_prot,8.92
6gxg_prot,5.24
2r3w_prot,6.89
3d6o_prot,4.11
2p09_prot,6.35
3s8l_prot,5.64
6hgj_prot,4.38
1c5q_prot,6.36
4kax_prot,4.77
1df8_prot,9.7
6e4a_prot,7.36
3vhk_prot,4.6
5os5_prot,3.39
4b73_prot,7.21
4h7q_prot,5.06
4ago_prot,4.81
3f6e_prot,2.38
3zk6_prot,6.34
6jay_prot,5.7
1hee_prot,5.34
2iwx_prot,6.68
4l19_prot,6.1
2arm_prot,7.68
5cy9_prot,6.66
4q6e_prot,6.18
6eqp_prot,5.96
6i8t_prot,5.75
1kv1_prot,5.94
4kn0_prot,7.4
2pvl_prot,7.62
3mfv_prot,2.52
3uw4_prot,7.77
5z7b_prot,4.89
3f5j_prot,4.28
1rtf_prot,3.04
4ca7_prot,7.36
2v58_prot,9.09
6dd0_prot,5.48
6fag_prot,6.59
6g29_prot,4.33
1x8d_prot,2.21
4b2i_prot,3.0
4h42_prot,3.47
1ivp_prot,7.52
1ydr_prot,5.52
2vpe_prot,4.94
1v1j_prot,4.82
5llc_prot,9.52
2qci_prot,8.34
1jcx_prot,5.15
2c80_prot,5.33
2v3d_prot,3.94
3acw_prot,4.76
1lf2_prot,7.52
2wor_prot,3.9
1qan_prot,4.48
4kmz_prot,8.57
1li6_prot,3.8
1sdu_prot,10.07
3fvk_prot,8.82
6fnj_prot,6.85
2hb1_prot,3.8
3kjd_prot,8.54
2yix_prot,8.48
4hw3_prot,6.49
4bqh_prot,5.59
2vvu_prot,8.1
6fba_prot,4.7
3ccz_prot,7.29
4j46_prot,5.28
1e3v_prot,4.34
1o5a_prot,6.42
5v79_prot,6.41
1wn6_prot,4.68
3n35_prot,3.37
5ivv_prot,6.35
6c7w_prot,5.47
6jap_prot,4.8
4y3y_prot,2.35
2qi7_prot,10.21
4q09_prot,8.17
5e6o_prot,4.11
6eq5_prot,4.74
1v2l_prot,4.29
6dh2_prot,10.89
1kpm_prot,5.8
1pxn_prot,7.15
5ttw_prot,5.96
3ejp_prot,8.55
2o4n_prot,7.82
2fdp_prot,7.59
3lp7_prot,5.44
3fvl_prot,6.07
3alt_prot,2.92
2xye_prot,8.34
1g30_prot,6.85
5op4_prot,6.71
6g27_prot,3.14
6e1y_prot,7.66
1x8j_prot,6.96
6jb4_prot,5.98
6haz_prot,7.0
1k6t_prot,7.62
1c5x_prot,6.68
4gah_prot,6.1
2wlz_prot,4.6
3tb6_prot,5.08
3fuc_prot,9.72
3dp4_prot,7.37
4bt5_prot,2.76
4mmm_prot,3.82
6eq2_prot,5.89
3jvr_prot,5.72
1v2k_prot,6.19
5m5d_prot,3.95
187l_prot,3.37
2qi0_prot,7.38
6jaw_prot,5.66
4xiq_prot,7.07
4oak_prot,4.22
4q9o_prot,5.77
2weg_prot,6.5
1o33_prot,5.74
1nf8_prot,7.82
3lzs_prot,10.96
1qka_prot,5.92
4tjz_prot,5.97
4nxv_prot,5.42
2jkp_prot,4.23
4cd5_prot,6.71
4j22_prot,7.74
6i11_prot,4.53
2p3i_prot,3.48
6jam_prot,5.23
4q99_prot,6.28
4zji_prot,6.47
4f7v_prot,5.38
1xws_prot,8.0
1t7j_prot,8.7
1p1n_prot,6.8
2i4d_prot,11.68
3kiv_prot,4.7
1fl3_prot,6.8
1g98_prot,5.7
5wmg_prot,8.21
3d0e_prot,8.4
2nn7_prot,6.52
3wtn_prot,7.04
4n7u_prot,6.29
6pvw_prot,6.32
1ezq_prot,9.05
2yfa_prot,5.07
6jbb_prot,5.99
2zz1_prot,4.54
1g53_prot,9.04
5wal_prot,8.77
5epl_prot,7.03
2oxx_prot,6.7
3tao_prot,5.14
3iob_prot,3.42
1cps_prot,6.66
3nu6_prot,9.3
1nje_prot,3.8
3qx9_prot,4.05
1gpn_prot,6.48
1gvw_prot,6.96
4n8q_prot,3.42
3s77_prot,7.21
2jds_prot,8.2
5k03_prot,4.74
2hah_prot,8.0
3oil_prot,5.68
3q7q_prot,5.65
4mmp_prot,7.71
4zcs_prot,4.33
1hlk_prot,5.0
6pu3_prot,5.23
5fox_prot,3.17
1izh_prot,7.7
4ibi_prot,4.14
5eu1_prot,7.81
5o58_prot,6.72
3pgl_prot,5.3
5yhe_prot,6.69
4mn3_prot,5.75
3ioe_prot,3.27
2jg0_prot,7.82
4ih7_prot,5.24
1yda_prot,6.55
5uk8_prot,6.4
2i19_prot,7.8
3th9_prot,7.7
1o0m_prot,5.15
1e66_prot,9.89
1g54_prot,8.82
1nc3_prot,5.0
6g2f_prot,5.17
4rlt_prot,4.96
5isz_prot,4.49
6jbe_prot,4.7
3d0b_prot,6.54
5kva_prot,5.14
5cst_prot,6.96
3l3n_prot,8.18
5fcz_prot,4.2
2o4z_prot,6.25
3el1_prot,9.64
5t8o_prot,6.51
4w9k_prot,6.54
1e6s_prot,3.22
6g2o_prot,6.77
6e7t_prot,6.89
4ad6_prot,4.78
3pn4_prot,6.85
1i37_prot,9.57
5llp_prot,9.24
2ctc_prot,3.89
6c2r_prot,9.1
5avf_prot,5.49
1qbr_prot,10.57
3u10_prot,5.44
2i4j_prot,6.16
3ml2_prot,8.05
4zec_prot,5.82
6oqd_prot,9.85
1bju_prot,4.8
1t7d_prot,6.03
4y3j_prot,2.17
2r9x_prot,4.85
3d51_prot,4.15
2nmz_prot,8.37
5ive_prot,7.57
3n3j_prot,8.48
5lif_prot,5.87
1o5r_prot,8.12
2ot1_prot,4.0
5hi7_prot,7.85
6qlq_prot,4.51
5wbm_prot,4.7
3jzj_prot,3.61
5fl5_prot,8.19
3ocp_prot,7.57
2r58_prot,2.0
5cs6_prot,3.2
6hai_prot,7.94
4pox_prot,5.43
1jeu_prot,6.82
5ovr_prot,4.57
1kzk_prot,10.39
4w9l_prot,5.02
5t19_prot,4.49
4abd_prot,4.4
3qqa_prot,5.82
3b3s_prot,2.55
5mz8_prot,2.31
3vbd_prot,8.07
5ey4_prot,3.12
6cq1_prot,3.66
1dl7_prot,6.49
5jfu_prot,8.07
3fv3_prot,9.52
2pu2_prot,4.43
2xpk_prot,11.3
1nl9_prot,5.96
1r1j_prot,8.64
3hp9_prot,4.59
1a9m_prot,6.92
3bvb_prot,5.49
4uyf_prot,7.6
1m0n_prot,2.22
4ibg_prot,3.97
3nyx_prot,7.49
5v7a_prot,6.38
1lee_prot,7.74
3lzz_prot,3.84
1o3l_prot,6.54
1uml_prot,7.52
5fov_prot,2.8
5o9q_prot,5.21
1pro_prot,11.3
6i18_prot,4.07
5cp9_prot,3.51
3gcs_prot,7.25
6jad_prot,4.32
4q90_prot,2.15
3huc_prot,5.99
4pcs_prot,7.85
4gki_prot,4.46
3pb8_prot,5.24
3ml5_prot,8.52
1i9n_prot,8.66
6oqc_prot,10.4
1avn_prot,3.9
2a14_prot,5.7
1qb9_prot,7.44
1no6_prot,4.41
1qbu_prot,10.24
1iy7_prot,6.19
2hkf_prot,6.38
3qqs_prot,5.82
4ca8_prot,6.68
2xyd_prot,6.82
1det_prot,4.3
5gs9_prot,5.26
2v57_prot,7.1
5op5_prot,6.67
5lle_prot,10.22
3mf5_prot,5.36
4poj_prot,8.1
1c5y_prot,4.2
6otg_prot,7.5
4mhz_prot,6.87
1wdn_prot,6.3
1os5_prot,6.85
3ejq_prot,8.57
1pxo_prot,8.7
2vvs_prot,7.34
4oma_prot,4.17
1txr_prot,7.74
2exm_prot,4.11
6arm_prot,4.97
2psu_prot,7.62
4u54_prot,2.06
4km0_prot,6.04
3cow_prot,6.9
6fhu_prot,2.64
4xip_prot,6.63
6c7q_prot,9.15
6jav_prot,5.76
2wc3_prot,6.08
1nfu_prot,7.74
1o5g_prot,4.96
4b7p_prot,9.46
3vhd_prot,9.28
1kyv_prot,5.92
6fmc_prot,5.88
4lrr_prot,5.22
5i3a_prot,5.05
1p19_prot,4.11
4u6w_prot,4.21
4dq2_prot,7.52
6qe5_prot,5.12
2qi1_prot,7.3
3s2v_prot,6.8
2e1w_prot,7.96
4bt4_prot,3.34
1v2j_prot,3.25
3jvs_prot,6.54
6eq3_prot,6.15
1sdt_prot,9.27
2oxd_prot,6.82
2wos_prot,3.9
1a94_prot,7.85
5cso_prot,6.03
3f37_prot,2.62
2r5a_prot,2.6
1uho_prot,9.22
5z7j_prot,6.6
1g36_prot,7.17
4bt3_prot,3.12
4q08_prot,6.3
1v48_prot,7.8
6eqx_prot,10.47
2qi6_prot,10.57
6bm5_prot,5.84
3zdv_prot,5.48
4h81_prot,5.12
2i4x_prot,11.72
3aid_prot,6.86
3ijh_prot,4.0
2wl0_prot,7.8
4h75_prot,6.6
3vhc_prot,8.89
2hhn_prot,7.49
5ouh_prot,5.67
2wc4_prot,5.29
4j47_prot,4.92
1o35_prot,5.0
6jaq_prot,3.95
2x0y_prot,4.6
5lom_prot,7.13
4q6d_prot,7.36
2tpi_prot,4.31
3hu3_prot,6.89
2ha6_prot,4.32
2pvm_prot,6.44
4kn1_prot,6.84
5k0m_prot,8.82
1fjs_prot,9.96
5os4_prot,2.78
5mpz_prot,4.07
2jke_prot,4.23
4agn_prot,3.97
3nyd_prot,3.48
1qkt_prot,9.04
2weh_prot,5.95
4qsu_prot,2.0
3b65_prot,9.27
6dak_prot,5.14
6dgr_prot,4.91
3eft_prot,7.92
1nli_prot,3.59
1yds_prot,5.92
3nuo_prot,9.8
3coy_prot,6.02
4pf5_prot,5.48
1a9q_prot,6.17
6gwe_prot,7.38
184l_prot,4.72
2fmb_prot,8.7
3f5k_prot,4.62
2qe4_prot,7.96
3mfw_prot,3.52
3uw5_prot,7.85
1a69_prot,5.3
1wm1_prot,6.3
5wa5_prot,6.72
4ca6_prot,6.74
4w9p_prot,7.8
3nzk_prot,9.27
2v59_prot,7.74
6faf_prot,6.51
6c7x_prot,7.19
5ivy_prot,6.44
5k9w_prot,4.59
2weo_prot,6.93
3u81_prot,4.44
6e22_prot,8.89
2pyn_prot,7.57
1qbn_prot,5.85
5v82_prot,10.15
2i4v_prot,11.2
2v95_prot,8.3
6fmj_prot,6.12
2pvj_prot,8.1
1sgu_prot,5.37
4mme_prot,6.5
2vsl_prot,8.4
6eqv_prot,6.62
3qwc_prot,4.26
5i9z_prot,8.05
3sr4_prot,6.54
6g2s_prot,8.4
6faa_prot,6.75
3acx_prot,5.7
6qi7_prot,6.46
2hmv_prot,7.7
1c5p_prot,4.68
6pve_prot,7.37
6jdi_prot,5.11
5cu4_prot,6.49
3f5l_prot,3.72
3gi6_prot,11.22
4bqg_prot,6.22
5o5a_prot,4.77
4q3u_prot,6.44
4emf_prot,7.08
1hih_prot,8.05
5tt3_prot,6.71
4hwp_prot,7.76
6p3t_prot,7.32
1tx7_prot,4.6
3ta1_prot,3.25
6r0v_prot,4.96
1ydt_prot,7.32
5umx_prot,5.96
